"Frequency (Hz)","Absolute Amplitude (a.u.)"
2.343750000E1,1.817404890E-1
4.687500000E1,1.086002895E-1
7.031250000E1,7.665049930E-2
9.375000000E1,1.644534067E-1
1.171875000E2,7.464904849E-2
1.406250000E2,2.170452912E-1
1.640625000E2,3.876575897E-1
1.875000000E2,1.176211895E0
2.109375000E2,1.593028003E0
2.343750000E2,4.963382891E0
2.578125000E2,8.890092933E-1
2.812500000E2,1.780932417E0
3.046875000E2,2.094430070E0
3.281250000E2,2.257536156E0
3.515625000E2,1.360462868E0
3.750000000E2,1.321322044E0
3.984375000E2,6.200157239E-1
4.218750000E2,1.406057984E0
4.453125000E2,8.956954499E-2
4.687500000E2,2.185241729E0
4.921875000E2,6.026938882E-1
5.156250000E2,2.253889186E0
5.390625000E2,1.627660459E0
5.625000000E2,3.354054662E-1
5.859375000E2,5.368824279E-1
6.093750000E2,8.308712363E-1
6.328125000E2,1.256103759E-1
6.562500000E2,5.036107907E-1
6.796875000E2,1.192577308E0
7.031250000E2,4.314956458E-1
7.265625000E2,9.390410941E-1
7.500000000E2,1.744711078E0
7.734375000E2,1.794413880E0
7.968750000E2,9.554797798E-1
8.203125000E2,6.251026645E-1
8.437500000E2,3.811883067E-1
8.671875000E2,3.632834933E-1
8.906250000E2,2.275406023E-1
9.140625000E2,3.164361950E-1
9.375000000E2,3.695093186E-1
9.609375000E2,2.582146174E-1
9.843750000E2,5.523618322E-1
1.007812500E3,4.150185678E-1
1.031250000E3,4.418440531E-1
1.054687500E3,2.857436200E-1
1.078125000E3,6.031116753E-1
1.101562500E3,7.798962722E-1
1.125000000E3,4.239592396E-1
1.148437500E3,2.999953107E-1
1.171875000E3,2.916609938E-1
1.195312500E3,1.398224630E-1
1.218750000E3,3.702172355E-1
1.242187500E3,3.412500429E-1
1.265625000E3,1.503685818E-1
1.289062500E3,1.405507039E-1
1.312500000E3,3.121700585E-1
1.335937500E3,1.596712542E-1
1.359375000E3,1.464531478E-1
1.382812500E3,8.127929676E-2
1.406250000E3,1.432639642E-1
1.429687500E3,7.713735788E-2
1.453125000E3,6.629064131E-2
1.476562500E3,1.548589951E-2
1.500000000E3,7.459039968E-2
1.523437500E3,1.919120653E-1
1.546875000E3,1.171151648E-1
1.570312500E3,6.380200182E-2
1.593750000E3,1.012115266E-1
1.617187500E3,1.020532138E-1
1.640625000E3,9.754821410E-2
1.664062500E3,8.015136474E-2
1.687500000E3,9.317574441E-2
1.710937500E3,7.272137940E-2
1.734375000E3,6.603733157E-2
1.757812500E3,7.460419072E-2
1.781250000E3,1.261252169E-1
1.804687500E3,2.144374063E-2
1.828125000E3,5.067984013E-2
1.851562500E3,1.152863281E-1
1.875000000E3,7.688886981E-2
1.898437500E3,5.668452189E-2
1.921875000E3,6.842982988E-2
1.945312500E3,1.219112189E-1
1.968750000E3,1.671741217E-1
1.992187500E3,2.355237949E-1
2.015625000E3,3.623443597E-2
2.039062500E3,4.280694700E-2
2.062500000E3,1.093070528E-1
2.085937500E3,1.308382917E-1
2.109375000E3,8.814835237E-2
2.132812500E3,9.460951544E-2
2.156250000E3,3.665646492E-2
2.179687500E3,6.605566516E-2
2.203125000E3,1.737650036E-1
2.226562500E3,2.831232122E-2
2.250000000E3,1.955603173E-1
2.273437500E3,1.386116880E-1
2.296875000E3,1.528067393E-1
2.320312500E3,2.251364442E-1
2.343750000E3,3.401267110E-1
2.367187500E3,1.500670368E-1
2.390625000E3,9.801175314E-2
2.414062500E3,1.809377273E-1
2.437500000E3,6.404670756E-2
2.460937500E3,9.134817819E-2
2.484375000E3,2.614902656E-1
2.507812500E3,1.159100010E-1
2.531250000E3,1.327451357E-1
2.554687500E3,9.053553949E-2
2.578125000E3,5.905455820E-2
2.601562500E3,7.229159618E-2
2.625000000E3,5.239729934E-2
2.648437500E3,1.822515249E-1
2.671875000E3,5.073228168E-2
2.695312500E3,7.152764543E-2
2.718750000E3,3.412544877E-2
2.742187500E3,1.349266937E-1
2.765625000E3,5.084482399E-2
2.789062500E3,4.744208206E-2
2.812500000E3,5.989203575E-2
2.835937500E3,1.166191144E-2
2.859375000E3,7.836323653E-2
2.882812500E3,6.812482370E-2
2.906250000E3,2.390339959E-1
2.929687500E3,5.964347505E-2
2.953125000E3,1.002263365E-1
2.976562500E3,8.223994294E-2
3.000000000E3,1.068748030E-1
3.023437500E3,8.977557743E-2
3.046875000E3,1.100482594E-1
3.070312500E3,1.492672467E-2
3.093750000E3,1.089092061E-1
3.117187500E3,1.185865504E-1
3.140625000E3,1.448623658E-1
3.164062500E3,3.879345531E-2
3.187500000E3,1.209886949E-1
3.210937500E3,3.809885175E-2
3.234375000E3,2.496405853E-1
3.257812500E3,8.542194505E-2
3.281250000E3,9.720559879E-2
3.304687500E3,6.120931292E-2
3.328125000E3,9.609072953E-2
3.351562500E3,1.566047859E-1
3.375000000E3,2.416450619E-1
3.398437500E3,1.485789545E-1
3.421875000E3,1.161530886E-1
3.445312500E3,8.446337400E-2
3.468750000E3,3.851479471E-2
3.492187500E3,8.997370871E-2
3.515625000E3,6.639609982E-2
3.539062500E3,6.176456535E-2
3.562500000E3,4.388278734E-2
3.585937500E3,7.137488106E-2
3.609375000E3,7.206025527E-2
3.632812500E3,3.429652175E-2
3.656250000E3,1.837707331E-2
3.679687500E3,1.548118648E-2
3.703125000E3,2.962058220E-2
3.726562500E3,2.723728098E-2
3.750000000E3,3.540118397E-2
3.773437500E3,1.663486880E-2
3.796875000E3,3.284355853E-2
3.820312500E3,2.476159676E-2
3.843750000E3,6.640264870E-3
3.867187500E3,1.046997041E-2
3.890625000E3,3.695222413E-2
3.914062500E3,2.243788556E-2
3.937500000E3,1.722785132E-2
3.960937500E3,1.227644756E-2
3.984375000E3,2.194446573E-2
4.007812500E3,1.534329313E-2
4.031250000E3,3.983500616E-2
4.054687500E3,4.090883366E-2
4.078125000E3,1.842623300E-2
4.101562500E3,1.316216619E-2
4.125000000E3,2.528884623E-2
4.148437500E3,3.037355906E-2
4.171875000E3,9.054227257E-3
4.195312500E3,7.373992789E-3
4.218750000E3,1.376641013E-2
4.242187500E3,2.861073236E-2
4.265625000E3,6.014186990E-3
4.289062500E3,5.618834008E-2
4.312500000E3,2.781314587E-2
4.335937500E3,5.564134175E-3
4.359375000E3,9.882221730E-3
4.382812500E3,4.430229325E-3
4.406250000E3,3.223525767E-2
4.429687500E3,3.353492448E-3
4.453125000E3,1.917703257E-2
4.476562500E3,1.602122863E-2
4.500000000E3,3.597112802E-2
4.523437500E3,3.723277216E-3
4.546875000E3,1.770167895E-2
4.570312500E3,3.571508571E-3
4.593750000E3,1.546958593E-2
4.617187500E3,6.550077230E-3
4.640625000E3,2.018548886E-2
4.664062500E3,2.063653407E-2
4.687500000E3,2.174183187E-2
4.710937500E3,8.848033920E-3
4.734375000E3,2.137530058E-2
4.757812500E3,2.289124399E-2
4.781250000E3,2.528577195E-2
4.804687500E3,3.363485248E-2
4.828125000E3,2.348333032E-2
4.851562500E3,1.618925745E-2
4.875000000E3,1.367124205E-2
4.898437500E3,3.032404334E-2
4.921875000E3,1.637932307E-2
4.945312500E3,1.116119081E-2
4.968750000E3,1.304162961E-2
4.992187500E3,2.297438461E-2
5.015625000E3,9.387197840E-3
5.039062500E3,1.818418818E-2
5.062500000E3,5.433248627E-2
5.085937500E3,1.227954451E-2
5.109375000E3,3.587226988E-2
5.132812500E3,2.702456727E-2
5.156250000E3,1.163189852E-2
5.179687500E3,3.155100464E-2
5.203125000E3,2.618778534E-2
5.226562500E3,9.897730170E-3
5.250000000E3,7.779284197E-3
5.273437500E3,2.335500005E-2
5.296875000E3,2.427886563E-2
5.320312500E3,1.659715106E-2
5.343750000E3,1.523132029E-2
5.367187500E3,2.166077046E-2
5.390625000E3,9.961597606E-3
5.414062500E3,1.397303124E-2
5.437500000E3,1.205009619E-2
5.460937500E3,1.268913699E-2
5.484375000E3,1.133718751E-2
5.507812500E3,2.909248674E-2
5.531250000E3,1.555563152E-2
5.554687500E3,1.512179143E-2
5.578125000E3,1.964757522E-2
5.601562500E3,1.611269824E-2
5.625000000E3,2.860684316E-2
5.648437500E3,1.532746875E-2
5.671875000E3,1.189837356E-2
5.695312500E3,1.397930807E-2
5.718750000E3,1.132934665E-2
5.742187500E3,8.306611010E-3
5.765625000E3,1.397640342E-2
5.789062500E3,7.716092437E-3
5.812500000E3,2.366526518E-2
5.835937500E3,2.355164586E-2
5.859375000E3,1.720832655E-2
5.882812500E3,2.187181536E-2
5.906250000E3,2.183593652E-2
5.929687500E3,2.466579351E-2
5.953125000E3,2.137822762E-2
5.976562500E3,4.462489223E-2
6.000000000E3,3.079851339E-2
6.023437500E3,1.469229647E-2
6.046875000E3,8.292111729E-3
6.070312500E3,1.492774516E-3
6.093750000E3,4.452925398E-2
6.117187500E3,3.980395335E-2
6.140625000E3,1.171887447E-2
6.164062500E3,5.182004738E-2
6.187500000E3,3.645904827E-2
6.210937500E3,2.284828894E-2
6.234375000E3,2.069192125E-2
6.257812500E3,1.749907077E-2
6.281250000E3,3.862496494E-2
6.304687500E3,3.965322235E-2
6.328125000E3,2.854249422E-2
6.351562500E3,6.550078540E-3
6.375000000E3,2.295906749E-2
6.398437500E3,1.556797433E-2
6.421875000E3,1.109190756E-2
6.445312500E3,3.412242651E-3
6.468750000E3,7.007683120E-3
6.492187500E3,1.626820670E-2
6.515625000E3,1.602492205E-2
6.539062500E3,2.070426599E-2
6.562500000E3,1.003463308E-2
6.585937500E3,7.947022759E-3
6.609375000E3,8.051161902E-3
6.632812500E3,1.927132309E-2
6.656250000E3,1.031285742E-2
6.679687500E3,4.288223945E-2
6.703125000E3,2.542897003E-2
6.726562500E3,3.504694781E-2
6.750000000E3,1.425398074E-2
6.773437500E3,1.708340895E-2
6.796875000E3,5.433217883E-2
6.820312500E3,1.350782810E-2
6.843750000E3,3.246161314E-2
6.867187500E3,3.443514836E-2
6.890625000E3,3.949781649E-2
6.914062500E3,1.874073333E-2
6.937500000E3,2.265363598E-2
6.960937500E3,3.962500963E-2
6.984375000E3,3.268159992E-2
7.007812500E3,2.523671678E-2
7.031250000E3,1.525901942E-2
7.054687500E3,2.852837326E-2
7.078125000E3,2.228464113E-2
7.101562500E3,4.294139036E-2
7.125000000E3,2.180041140E-2
7.148437500E3,6.890532108E-3
7.171875000E3,1.105307710E-2
7.195312500E3,2.108703059E-2
7.218750000E3,2.937880915E-2
7.242187500E3,3.070643704E-3
7.265625000E3,1.290763349E-2
7.289062500E3,1.555035861E-2
7.312500000E3,1.059272893E-2
7.335937500E3,8.917728253E-3
7.359375000E3,7.718764350E-3
7.382812500E3,2.829794286E-2
7.406250000E3,2.407288259E-2
7.429687500E3,9.605127241E-3
7.453125000E3,5.160241171E-3
7.476562500E3,7.985963929E-3
7.500000000E3,2.313253948E-3
7.523437500E3,6.660124329E-3
7.546875000E3,5.111921365E-3
7.570312500E3,7.986010449E-3
7.593750000E3,4.269443549E-3
7.617187500E3,3.046236640E-3
7.640625000E3,1.107506748E-2
7.664062500E3,3.234196354E-3
7.687500000E3,7.055739106E-3
7.710937500E3,7.485518999E-3
7.734375000E3,9.577771100E-3
7.757812500E3,7.400767490E-3
7.781250000E3,1.000800350E-3
7.804687500E3,4.305192612E-3
7.828125000E3,4.362292967E-3
7.851562500E3,1.185338704E-3
7.875000000E3,5.127034712E-3
7.898437500E3,5.093892403E-3
7.921875000E3,2.868150381E-3
7.945312500E3,1.606865117E-2
7.968750000E3,1.556599446E-2
7.992187500E3,4.623340253E-3
8.015625000E3,3.394794100E-3
8.039062500E3,8.577006949E-3
8.062500000E3,4.484799129E-3
8.085937500E3,1.384678711E-3
8.109375000E3,9.556641651E-3
8.132812500E3,1.099070671E-2
8.156250000E3,1.146576603E-2
8.179687500E3,1.063491084E-3
8.203125000E3,5.402873833E-3
8.226562500E3,3.879549163E-3
8.250000000E3,1.128606047E-2
8.273437500E3,6.784915108E-3
8.296875000E3,3.222748653E-3
8.320312500E3,3.549688515E-3
8.343750000E3,5.574753796E-3
8.367187500E3,4.207936672E-3
8.390625000E3,4.257051322E-3
8.414062500E3,2.953409400E-3
8.437500000E3,2.831751578E-3
8.460937500E3,6.074063544E-3
8.484375000E3,7.103641784E-4
8.507812500E3,3.301403017E-3
8.531250000E3,2.201807260E-3
8.554687500E3,3.609501697E-3
8.578125000E3,1.004033220E-2
8.601562500E3,8.673099574E-3
8.625000000E3,5.853640148E-3
8.648437500E3,4.257417770E-3
8.671875000E3,5.744555671E-3
8.695312500E3,8.044397012E-3
8.718750000E3,1.633216027E-3
8.742187500E3,2.504992106E-3
8.765625000E3,3.060672449E-3
8.789062500E3,6.209749703E-3
8.812500000E3,3.052707600E-3
8.835937500E3,1.982616630E-3
8.859375000E3,2.510669180E-3
8.882812500E3,4.053631537E-3
8.906250000E3,3.523548193E-3
8.929687500E3,2.676953239E-3
8.953125000E3,2.201777022E-3
8.976562500E3,2.189220641E-3
9.000000000E3,6.977771843E-3
9.023437500E3,6.666435374E-4
9.046875000E3,2.832615139E-3
9.070312500E3,3.124360139E-3
9.093750000E3,1.878732134E-3
9.117187500E3,1.625937067E-3
9.140625000E3,1.839517785E-3
9.164062500E3,1.596164695E-3
9.187500000E3,1.809137681E-3
9.210937500E3,5.461570753E-3
9.234375000E3,2.581054146E-3
9.257812500E3,2.433237295E-3
9.281250000E3,5.684770966E-3
9.304687500E3,4.943510756E-3
9.328125000E3,5.505443033E-3
9.351562500E3,4.785617947E-3
9.375000000E3,2.674763777E-3
9.398437500E3,2.545062988E-3
9.421875000E3,5.287920929E-3
9.445312500E3,5.755894192E-3
9.468750000E3,3.735786036E-3
9.492187500E3,5.077786817E-3
9.515625000E3,5.717611557E-3
9.539062500E3,7.168772061E-4
9.562500000E3,2.652362439E-4
9.585937500E3,8.129568187E-4
9.609375000E3,2.484779357E-3
9.632812500E3,1.905913360E-3
9.656250000E3,1.150325085E-3
9.679687500E3,2.024466228E-3
9.703125000E3,2.830195477E-3
9.726562500E3,1.331011251E-3
9.750000000E3,4.217003346E-3
9.773437500E3,7.588044833E-4
9.796875000E3,1.525077885E-3
9.820312500E3,1.023378225E-3
9.843750000E3,3.215151173E-3
9.867187500E3,1.637493575E-3
9.890625000E3,4.101483799E-3
9.914062500E3,3.718975028E-3
9.937500000E3,2.173431226E-3
9.960937500E3,8.353796229E-4
9.984375000E3,5.283825885E-4
1.000781250E4,2.113115182E-3
1.003125000E4,3.474269726E-3
1.005468750E4,2.585233529E-3
1.007812500E4,2.058258446E-3
1.010156250E4,2.033955896E-3
1.012500000E4,1.416745896E-3
1.014843750E4,3.540895571E-3
1.017187500E4,1.084629356E-3
1.019531250E4,8.610519540E-4
1.021875000E4,2.654925052E-3
1.024218750E4,7.783900119E-4
1.026562500E4,1.061464300E-3
1.028906250E4,2.354071303E-3
1.031250000E4,3.233193734E-3
1.033593750E4,1.853688442E-3
1.035937500E4,2.182936477E-3
1.038281250E4,2.207286946E-3
1.040625000E4,2.565408612E-3
1.042968750E4,1.206086164E-3
1.045312500E4,9.950626793E-4
1.047656250E4,8.904815902E-4
1.050000000E4,3.369649128E-3
1.052343750E4,3.237681063E-3
1.054687500E4,3.524162241E-3
1.057031250E4,2.493130472E-3
1.059375000E4,1.884517613E-3
1.061718750E4,9.049531085E-4
1.064062500E4,2.365876186E-3
1.066406250E4,6.612413953E-4
1.068750000E4,2.477391588E-3
1.071093750E4,1.606100726E-3
1.073437500E4,1.179320095E-3
1.075781250E4,9.189250860E-4
1.078125000E4,1.652895343E-3
1.080468750E4,3.913844905E-4
1.082812500E4,6.235948801E-4
1.085156250E4,6.322748382E-4
1.087500000E4,2.608935533E-3
1.089843750E4,5.108139999E-4
1.092187500E4,1.161687345E-3
1.094531250E4,2.515282702E-3
1.096875000E4,2.682891858E-3
1.099218750E4,1.549229478E-3
1.101562500E4,4.297621440E-3
1.103906250E4,2.592062512E-3
1.106250000E4,2.553365413E-3
1.108593750E4,4.051813729E-3
1.110937500E4,5.417263548E-3
1.113281250E4,7.767248083E-3
1.115625000E4,5.955475442E-3
1.117968750E4,3.361501535E-3
1.120312500E4,9.313944627E-4
1.122656250E4,1.603541564E-3
1.125000000E4,3.055298980E-3
1.127343750E4,4.017273847E-3
1.129687500E4,7.525109177E-3
1.132031250E4,1.735347382E-3
1.134375000E4,4.451357981E-3
1.136718750E4,6.169605931E-4
1.139062500E4,2.400661969E-3
1.141406250E4,3.940453065E-3
1.143750000E4,4.129384216E-3
1.146093750E4,2.915844901E-3
1.148437500E4,1.291169531E-3
1.150781250E4,2.500521152E-3
1.153125000E4,4.550799320E-3
1.155468750E4,3.760103922E-3
1.157812500E4,1.990961363E-3
1.160156250E4,4.927065449E-3
1.162500000E4,2.804119087E-3
1.164843750E4,5.980207138E-3
1.167187500E4,3.044608206E-3
1.169531250E4,5.110854271E-3
1.171875000E4,2.401591185E-3
1.174218750E4,1.494562596E-3
1.176562500E4,3.390881283E-3
1.178906250E4,2.447032790E-3
1.181250000E4,3.757942415E-3
1.183593750E4,2.907398935E-3
1.185937500E4,2.471182032E-3
1.188281250E4,2.227087731E-3
1.190625000E4,3.564590283E-4
1.192968750E4,1.551675456E-3
1.195312500E4,2.828348587E-3
1.197656250E4,1.312215679E-3
1.200000000E4,1.263790290E-3
1.202343750E4,1.663109382E-3
1.204687500E4,1.634946803E-3
1.207031250E4,3.032825322E-3
1.209375000E4,1.063392915E-3
1.211718750E4,1.533915740E-3
1.214062500E4,2.006368717E-3
1.216406250E4,2.980537579E-3
1.218750000E4,1.543000513E-3
1.221093750E4,1.610758791E-3
1.223437500E4,1.608074024E-3
1.225781250E4,3.724329447E-3
1.228125000E4,2.069819782E-3
1.230468750E4,9.301560133E-4
1.232812500E4,2.232374627E-3
1.235156250E4,2.359763886E-3
1.237500000E4,1.606768060E-3
1.239843750E4,2.301273660E-3
1.242187500E4,1.559573373E-3
1.244531250E4,2.317581557E-3
1.246875000E4,2.270503189E-3
1.249218750E4,9.952635978E-4
1.251562500E4,3.126850919E-4
1.253906250E4,6.741673312E-4
1.256250000E4,1.437016376E-3
1.258593750E4,3.096461228E-3
1.260937500E4,2.231763055E-3
1.263281250E4,1.862952593E-3
1.265625000E4,8.358235326E-4
1.267968750E4,5.640233542E-4
1.270312500E4,3.133874370E-4
1.272656250E4,2.978460205E-3
1.275000000E4,2.306937158E-3
1.277343750E4,1.369226228E-3
1.279687500E4,9.082359037E-4
1.282031250E4,1.859345328E-3
1.284375000E4,1.646615931E-3
1.286718750E4,6.815942775E-4
1.289062500E4,1.210223504E-3
1.291406250E4,5.668109551E-4
1.293750000E4,1.522780565E-3
1.296093750E4,1.180126474E-3
1.298437500E4,6.388116079E-4
1.300781250E4,2.443730596E-3
1.303125000E4,1.384007906E-3
1.305468750E4,1.769915988E-3
1.307812500E4,1.793557479E-3
1.310156250E4,2.207450443E-3
1.312500000E4,1.596742592E-3
1.314843750E4,1.635176159E-3
1.317187500E4,3.543309619E-4
1.319531250E4,1.458558686E-3
1.321875000E4,1.717830936E-3
1.324218750E4,1.176597132E-3
1.326562500E4,2.093155177E-3
1.328906250E4,1.827229138E-3
1.331250000E4,2.106178331E-3
1.333593750E4,1.379735323E-3
1.335937500E4,9.696879598E-4
1.338281250E4,2.449379754E-3
1.340625000E4,1.229831797E-3
1.342968750E4,1.129864815E-3
1.345312500E4,1.073080801E-3
1.347656250E4,1.107549577E-3
1.350000000E4,4.703099496E-4
1.352343750E4,1.437531856E-3
1.354687500E4,1.183172280E-3
1.357031250E4,4.332385385E-4
1.359375000E4,8.587797747E-4
1.361718750E4,1.304698454E-3
1.364062500E4,1.223290610E-3
1.366406250E4,8.995357678E-4
1.368750000E4,1.396021944E-3
1.371093750E4,1.463469745E-3
1.373437500E4,1.279681719E-3
1.375781250E4,1.030148508E-3
1.378125000E4,5.605942988E-4
1.380468750E4,8.756061214E-4
1.382812500E4,1.058176774E-3
1.385156250E4,1.581985819E-3
1.387500000E4,1.514909290E-3
1.389843750E4,1.292460361E-3
1.392187500E4,6.705129300E-4
1.394531250E4,1.240699096E-3
1.396875000E4,6.528747678E-4
1.399218750E4,8.518150744E-4
1.401562500E4,8.185154933E-4
1.403906250E4,6.402406231E-4
1.406250000E4,9.134466372E-4
1.408593750E4,7.327465190E-4
1.410937500E4,1.193539883E-3
1.413281250E4,6.808954937E-4
1.415625000E4,7.535847046E-4
1.417968750E4,6.644157771E-4
1.420312500E4,7.692572378E-4
1.422656250E4,1.171697886E-3
1.425000000E4,1.154598356E-3
1.427343750E4,1.120004828E-3
1.429687500E4,1.325530819E-3
1.432031250E4,1.211158074E-3
1.434375000E4,9.000438909E-4
1.436718750E4,8.531612413E-4
1.439062500E4,8.882954990E-4
1.441406250E4,9.810827600E-4
1.443750000E4,1.360054045E-3
1.446093750E4,7.497626419E-4
1.448437500E4,1.076757081E-3
1.450781250E4,1.167904366E-3
1.453125000E4,1.446686239E-3
1.455468750E4,1.022494758E-3
1.457812500E4,1.141565293E-3
1.460156250E4,8.971254572E-4
1.462500000E4,1.118085410E-3
1.464843750E4,9.461056632E-4
1.467187500E4,1.026671982E-3
1.469531250E4,1.155846636E-3
1.471875000E4,9.705110762E-4
1.474218750E4,1.185788804E-3
1.476562500E4,1.030789380E-3
1.478906250E4,1.259034042E-3
1.481250000E4,1.374770639E-3
1.483593750E4,6.921742066E-4
1.485937500E4,6.871059904E-4
1.488281250E4,9.602985371E-4
1.490625000E4,9.793302024E-4
1.492968750E4,8.990428929E-4
1.495312500E4,1.013248109E-3
1.497656250E4,1.018823825E-3
1.500000000E4,1.156529644E-3
1.502343750E4,1.068870820E-3
1.504687500E4,1.019282170E-3
1.507031250E4,9.041640051E-4
1.509375000E4,1.046787802E-3
1.511718750E4,7.605661591E-4
1.514062500E4,9.240221622E-4
1.516406250E4,8.795579335E-4
1.518750000E4,1.342660160E-3
1.521093750E4,9.856181151E-4
1.523437500E4,7.695644651E-4
1.525781250E4,1.389358446E-3
1.528125000E4,8.950357085E-4
1.530468750E4,1.067368776E-3
1.532812500E4,9.543074011E-4
1.535156250E4,9.908658220E-4
1.537500000E4,1.275960610E-3
1.539843750E4,1.445813743E-3
1.542187500E4,1.071417621E-3
1.544531250E4,9.731725343E-4
1.546875000E4,9.012852800E-4
1.549218750E4,1.090789550E-3
1.551562500E4,1.297646344E-3
1.553906250E4,8.646902957E-4
1.556250000E4,1.171590196E-3
1.558593750E4,6.169942452E-4
1.560937500E4,1.239731881E-3
1.563281250E4,1.401391538E-3
1.565625000E4,9.030728667E-4
1.567968750E4,1.193929089E-3
1.570312500E4,1.106663353E-3
1.572656250E4,1.104731831E-3
1.575000000E4,6.909804048E-4
1.577343750E4,1.095776129E-3
1.579687500E4,1.372172990E-3
1.582031250E4,9.122420826E-4
1.584375000E4,7.713593082E-4
1.586718750E4,1.234381611E-3
1.589062500E4,1.200706798E-3
1.591406250E4,1.438181733E-3
1.593750000E4,1.529947319E-3
1.596093750E4,9.896873918E-4
1.598437500E4,1.466115494E-3
1.600781250E4,1.069161368E-3
1.603125000E4,1.328212497E-3
1.605468750E4,1.011314743E-3
1.607812500E4,7.220894500E-4
1.610156250E4,1.116453780E-3
1.612500000E4,1.410821309E-3
1.614843750E4,1.199861641E-3
1.617187500E4,1.318898461E-3
1.619531250E4,9.519035169E-4
1.621875000E4,7.428194311E-4
1.624218750E4,9.611170289E-4
1.626562500E4,1.096872308E-3
1.628906250E4,9.143173656E-4
1.631250000E4,8.934833559E-4
1.633593750E4,9.657718695E-4
1.635937500E4,1.009081130E-3
1.638281250E4,6.904477774E-4
1.640625000E4,1.182881992E-3
1.642968750E4,9.894064315E-4
1.645312500E4,7.947073915E-4
1.647656250E4,8.616948653E-4
1.650000000E4,9.151527569E-4
1.652343750E4,6.847598643E-4
1.654687500E4,9.581862480E-4
1.657031250E4,9.289456525E-4
1.659375000E4,9.121339210E-4
1.661718750E4,9.284782085E-4
1.664062500E4,7.203678483E-4
1.666406250E4,7.366402365E-4
1.668750000E4,9.116965795E-4
1.671093750E4,8.778746698E-4
1.673437500E4,6.760319941E-4
1.675781250E4,6.896041209E-4
1.678125000E4,1.447048078E-3
1.680468750E4,7.366987560E-4
1.682812500E4,8.636951750E-4
1.685156250E4,6.352751255E-4
1.687500000E4,7.854484111E-4
1.689843750E4,8.591323626E-4
1.692187500E4,7.303580097E-4
1.694531250E4,7.555284122E-4
1.696875000E4,9.423956033E-4
1.699218750E4,5.828070940E-4
1.701562500E4,6.739994506E-4
1.703906250E4,1.173879159E-3
1.706250000E4,1.329514679E-3
1.708593750E4,8.101246806E-4
1.710937500E4,8.924678042E-4
1.713281250E4,6.905285464E-4
1.715625000E4,7.722331674E-4
1.717968750E4,1.126006841E-3
1.720312500E4,1.116905516E-3
1.722656250E4,1.078853216E-3
1.725000000E4,1.173756369E-3
1.727343750E4,1.096823183E-3
1.729687500E4,1.103330854E-3
1.732031250E4,1.046433553E-3
1.734375000E4,1.387623366E-3
1.736718750E4,1.291563300E-3
1.739062500E4,1.037139212E-3
1.741406250E4,1.331843128E-3
1.743750000E4,1.735135365E-4
1.746093750E4,1.047464332E-3
1.748437500E4,6.379934021E-4
1.750781250E4,1.254061908E-3
1.753125000E4,8.730187263E-4
1.755468750E4,1.153800740E-3
1.757812500E4,1.346745344E-3
1.760156250E4,9.059918238E-4
1.762500000E4,8.803420756E-4
1.764843750E4,9.278552922E-4
1.767187500E4,9.444589373E-4
1.769531250E4,1.015740631E-3
1.771875000E4,1.375286489E-3
1.774218750E4,1.353263580E-3
1.776562500E4,8.739034820E-4
1.778906250E4,1.265171017E-3
1.781250000E4,7.388850994E-4
1.783593750E4,9.345228609E-4
1.785937500E4,7.427428684E-4
1.788281250E4,7.567139243E-4
1.790625000E4,1.215735831E-3
1.792968750E4,5.524562256E-4
1.795312500E4,1.436880868E-3
1.797656250E4,1.215182537E-3
1.800000000E4,1.426354850E-3
1.802343750E4,9.187488029E-4
1.804687500E4,6.488231315E-4
1.807031250E4,3.844154871E-4
1.809375000E4,1.012010642E-3
1.811718750E4,6.708277453E-4
1.814062500E4,9.883190157E-4
1.816406250E4,7.281388249E-4
1.818750000E4,1.190214477E-3
1.821093750E4,1.857652627E-4
1.823437500E4,1.575576178E-3
1.825781250E4,9.221397944E-4
1.828125000E4,9.065990938E-4
1.830468750E4,1.107385348E-3
1.832812500E4,1.495505016E-3
1.835156250E4,7.041529962E-4
1.837500000E4,5.918083949E-4
1.839843750E4,1.057088398E-3
1.842187500E4,3.207547139E-4
1.844531250E4,7.457271297E-4
1.846875000E4,6.409850576E-4
1.849218750E4,7.649777580E-4
1.851562500E4,7.825993365E-4
1.853906250E4,8.776352526E-4
1.856250000E4,1.026600141E-3
1.858593750E4,9.022789570E-4
1.860937500E4,7.424677183E-4
1.863281250E4,8.245009697E-4
1.865625000E4,1.068276397E-3
1.867968750E4,7.470497833E-4
1.870312500E4,5.420242760E-4
1.872656250E4,1.125659953E-3
1.875000000E4,9.189844694E-4
1.877343750E4,6.716872269E-4
1.879687500E4,7.268277342E-4
1.882031250E4,1.284061885E-3
1.884375000E4,1.100676915E-3
1.886718750E4,6.218809299E-4
1.889062500E4,4.985726125E-4
1.891406250E4,9.128284495E-4
1.893750000E4,1.099635956E-3
1.896093750E4,4.996753175E-4
1.898437500E4,8.768283136E-4
1.900781250E4,9.213064756E-4
1.903125000E4,1.212605489E-3
1.905468750E4,6.696833198E-4
1.907812500E4,7.245808309E-4
1.910156250E4,7.870193426E-4
1.912500000E4,9.077312682E-4
1.914843750E4,7.061822612E-4
1.917187500E4,9.154421624E-4
1.919531250E4,7.280739926E-4
1.921875000E4,5.917868086E-4
1.924218750E4,1.368641795E-3
1.926562500E4,1.356723450E-3
1.928906250E4,6.832300798E-4
1.931250000E4,8.890878420E-4
1.933593750E4,6.877512820E-4
1.935937500E4,8.071019371E-4
1.938281250E4,7.429799042E-4
1.940625000E4,4.524181206E-4
1.942968750E4,1.048639954E-3
1.945312500E4,1.142483490E-3
1.947656250E4,1.016103549E-3
1.950000000E4,8.402781570E-4
1.952343750E4,6.243683789E-4
1.954687500E4,1.176166973E-3
1.957031250E4,4.356592604E-4
1.959375000E4,6.463948168E-4
1.961718750E4,1.102385631E-3
1.964062500E4,9.143591502E-4
1.966406250E4,9.319220126E-4
1.968750000E4,1.065659945E-3
1.971093750E4,7.810289440E-4
1.973437500E4,8.204267619E-4
1.975781250E4,1.007858779E-3
1.978125000E4,8.688174615E-4
1.980468750E4,7.494561281E-4
1.982812500E4,9.925348900E-4
1.985156250E4,8.313208982E-4
1.987500000E4,9.052966966E-4
1.989843750E4,6.468543106E-4
1.992187500E4,8.263262505E-4
1.994531250E4,8.302624823E-4
1.996875000E4,7.899514453E-4
1.999218750E4,8.823822866E-4
2.001562500E4,5.827046313E-4
2.003906250E4,8.186568105E-4
2.006250000E4,7.494976932E-4
2.008593750E4,9.655739258E-4
2.010937500E4,7.849073626E-4
2.013281250E4,8.598381966E-4
2.015625000E4,8.267080042E-4
2.017968750E4,7.783187778E-4
2.020312500E4,9.512952197E-4
2.022656250E4,8.891551294E-4
2.025000000E4,8.451273303E-4
2.027343750E4,8.408713202E-4
2.029687500E4,8.639495237E-4
2.032031250E4,7.543159804E-4
2.034375000E4,8.584591325E-4
2.036718750E4,9.725204112E-4
2.039062500E4,8.753865588E-4
2.041406250E4,7.810628995E-4
2.043750000E4,7.124461674E-4
2.046093750E4,8.658348533E-4
2.048437500E4,7.575900908E-4
2.050781250E4,7.932701756E-4
2.053125000E4,9.388430758E-4
2.055468750E4,8.645435997E-4
2.057812500E4,7.995730258E-4
2.060156250E4,9.553105934E-4
2.062500000E4,8.771033786E-4
2.064843750E4,8.180033059E-4
2.067187500E4,7.688950937E-4
2.069531250E4,6.629702706E-4
2.071875000E4,7.560490141E-4
2.074218750E4,8.373356574E-4
2.076562500E4,9.660711346E-4
2.078906250E4,8.615834757E-4
2.081250000E4,9.009152121E-4
2.083593750E4,8.821871882E-4
2.085937500E4,8.738668979E-4
2.088281250E4,8.038036570E-4
2.090625000E4,8.949950573E-4
2.092968750E4,8.784329649E-4
2.095312500E4,7.782794038E-4
2.097656250E4,8.129876261E-4
2.100000000E4,8.145240849E-4
2.102343750E4,8.589186840E-4
2.104687500E4,8.501040485E-4
2.107031250E4,9.204378001E-4
2.109375000E4,8.837082911E-4
2.111718750E4,8.342201104E-4
2.114062500E4,7.999307925E-4
2.116406250E4,7.628691236E-4
2.118750000E4,7.240629508E-4
2.121093750E4,8.300346922E-4
2.123437500E4,9.187012135E-4
2.125781250E4,8.460755727E-4
2.128125000E4,8.381867540E-4
2.130468750E4,8.353085431E-4
2.132812500E4,8.194955674E-4
2.135156250E4,8.676076279E-4
2.137500000E4,7.777615612E-4
2.139843750E4,8.563670016E-4
2.142187500E4,7.989543528E-4
2.144531250E4,7.904996339E-4
2.146875000E4,8.587933786E-4
2.149218750E4,8.614690308E-4
2.151562500E4,8.189095852E-4
2.153906250E4,8.045338352E-4
2.156250000E4,8.192040971E-4
2.158593750E4,8.533762253E-4
2.160937500E4,7.965926327E-4
2.163281250E4,8.113078454E-4
2.165625000E4,8.412337661E-4
2.167968750E4,8.224197170E-4
2.170312500E4,8.299313379E-4
2.172656250E4,8.411611647E-4
2.175000000E4,8.436637895E-4
2.177343750E4,8.269326801E-4
2.179687500E4,8.250185993E-4
2.182031250E4,8.268613275E-4
2.184375000E4,8.237529744E-4
2.186718750E4,8.175181134E-4
2.189062500E4,8.437505660E-4
2.191406250E4,8.079586290E-4
2.193750000E4,8.363218575E-4
2.196093750E4,8.163265747E-4
2.198437500E4,7.993783090E-4
2.200781250E4,8.330328651E-4
2.203125000E4,8.432520208E-4
2.205468750E4,8.053618041E-4
2.207812500E4,8.078916660E-4
2.210156250E4,8.099730487E-4
2.212500000E4,8.440769316E-4
2.214843750E4,8.057188205E-4
2.217187500E4,8.182510451E-4
2.219531250E4,8.444952830E-4
2.221875000E4,8.252608163E-4
2.224218750E4,8.174508612E-4
2.226562500E4,8.152824402E-4
2.228906250E4,8.159735234E-4
2.231250000E4,8.181953875E-4
2.233593750E4,8.224739488E-4
2.235937500E4,8.235247005E-4
2.238281250E4,8.495723978E-4
2.240625000E4,7.971047944E-4
2.242968750E4,8.145056582E-4
2.245312500E4,8.135526758E-4
2.247656250E4,8.098755406E-4
2.250000000E4,8.204943087E-4
2.252343750E4,8.152685458E-4
2.254687500E4,8.140260462E-4
2.257031250E4,8.182409071E-4
2.259375000E4,8.247392884E-4
2.261718750E4,8.122132156E-4
2.264062500E4,7.984846580E-4
2.266406250E4,8.112164689E-4
2.268750000E4,8.247636047E-4
2.271093750E4,8.098228458E-4
2.273437500E4,8.124511002E-4
2.275781250E4,8.276995817E-4
2.278125000E4,8.268325548E-4
2.280468750E4,8.208411289E-4
2.282812500E4,8.236116626E-4
2.285156250E4,8.251846576E-4
2.287500000E4,8.167955785E-4
2.289843750E4,8.137915538E-4
2.292187500E4,8.270251071E-4
2.294531250E4,8.229709219E-4
2.296875000E4,8.202366311E-4
2.299218750E4,8.192353899E-4
2.301562500E4,8.230202079E-4
2.303906250E4,8.150351706E-4
2.306250000E4,8.234970397E-4
2.308593750E4,8.124485497E-4
2.310937500E4,8.232223424E-4
2.313281250E4,8.171995157E-4
2.315625000E4,8.215997831E-4
2.317968750E4,8.203731009E-4
2.320312500E4,8.193137759E-4
2.322656250E4,8.164482573E-4
2.325000000E4,8.217796376E-4
2.327343750E4,8.226154863E-4
2.329687500E4,8.172193444E-4
2.332031250E4,8.209850451E-4
2.334375000E4,8.203697336E-4
2.336718750E4,8.164995169E-4
2.339062500E4,8.186111135E-4
2.341406250E4,8.155884401E-4
2.343750000E4,8.119469370E-4
2.346093750E4,8.151993746E-4
2.348437500E4,8.173052284E-4
2.350781250E4,8.189189388E-4
2.353125000E4,8.174024816E-4
2.355468750E4,8.183771560E-4
2.357812500E4,8.155043415E-4
2.360156250E4,8.206718143E-4
2.362500000E4,8.147847512E-4
2.364843750E4,8.186230306E-4
2.367187500E4,8.186532890E-4
2.369531250E4,8.189560777E-4
2.371875000E4,8.128513599E-4
2.374218750E4,8.164133450E-4
2.376562500E4,8.136020571E-4
2.378906250E4,8.213180794E-4
2.381250000E4,8.193378928E-4
2.383593750E4,8.150123347E-4
2.385937500E4,8.153152499E-4
2.388281250E4,8.140614742E-4
2.390625000E4,8.189260421E-4
2.392968750E4,8.173533309E-4
2.395312500E4,8.180435540E-4
2.397656250E4,8.150293310E-4