"Time (s)","Recording (a.u.)"
0.000000000E0,7.671061903E-3
2.083333333E-5,8.182890713E-3
4.166666667E-5,8.540796116E-3
6.250000000E-5,8.677345701E-3
8.333333333E-5,8.479927666E-3
1.041666667E-4,8.008996025E-3
1.250000000E-4,7.393474691E-3
1.458333333E-4,6.728683133E-3
1.666666667E-4,6.094039883E-3
1.875000000E-4,5.555443466E-3
2.083333333E-4,5.185609683E-3
2.291666667E-4,4.970397800E-3
2.500000000E-4,4.846557975E-3
2.708333333E-4,4.833583720E-3
2.916666667E-4,5.067053251E-3
3.125000000E-4,5.644153338E-3
3.333333333E-4,6.439615041E-3
3.541666667E-4,7.245569490E-3
3.750000000E-4,7.944324985E-3
3.958333333E-4,8.474698290E-3
4.166666667E-4,8.871119469E-3
4.375000000E-4,9.300922975E-3
4.583333333E-4,9.919251315E-3
4.791666667E-4,1.068013813E-2
5.000000000E-4,1.130267512E-2
5.208333333E-4,1.147076953E-2
5.416666667E-4,1.119266916E-2
5.625000000E-4,1.074250042E-2
5.833333333E-4,1.029679738E-2
6.041666667E-4,9.897498414E-3
6.250000000E-4,9.498433210E-3
6.458333333E-4,9.053312242E-3
6.666666667E-4,8.618774824E-3
6.875000000E-4,8.221246302E-3
7.083333333E-4,7.866224274E-3
7.291666667E-4,7.723390125E-3
7.500000000E-4,7.858601399E-3
7.708333333E-4,8.072550409E-3
7.916666667E-4,8.204357699E-3
8.125000000E-4,8.267863654E-3
8.333333333E-4,8.374179713E-3
8.541666667E-4,8.651813492E-3
8.750000000E-4,9.089614265E-3
8.958333333E-4,9.565496817E-3
9.166666667E-4,1.000114623E-2
9.375000000E-4,1.021025144E-2
9.583333333E-4,9.988434613E-3
9.791666667E-4,9.355125949E-3
1.000000000E-3,8.525832556E-3
1.020833333E-3,7.802741602E-3
1.041666667E-3,7.359253708E-3
1.062500000E-3,7.140815258E-3
1.083333333E-3,7.031432353E-3
1.104166667E-3,6.909593008E-3
1.125000000E-3,6.683024112E-3
1.145833333E-3,6.476237904E-3
1.166666667E-3,6.522904150E-3
1.187500000E-3,6.868418772E-3
1.208333333E-3,7.337845862E-3
1.229166667E-3,7.691374049E-3
1.250000000E-3,7.901882753E-3
1.270833333E-3,8.174797520E-3
1.291666667E-3,8.627042174E-3
1.312500000E-3,9.192809463E-3
1.333333333E-3,9.796012193E-3
1.354166667E-3,1.042770874E-2
1.375000000E-3,1.099337637E-2
1.395833333E-3,1.127213333E-2
1.416666667E-3,1.121983211E-2
1.437500000E-3,1.092898846E-2
1.458333333E-3,1.043581218E-2
1.479166667E-3,9.821845219E-3
1.500000000E-3,9.126421064E-3
1.520833333E-3,8.381190710E-3
1.541666667E-3,7.634169888E-3
1.562500000E-3,6.939011626E-3
1.583333333E-3,6.480894051E-3
1.604166667E-3,6.345365196E-3
1.625000000E-3,6.325782742E-3
1.645833333E-3,6.223740056E-3
1.666666667E-3,6.109934766E-3
1.687500000E-3,6.148397923E-3
1.708333333E-3,6.332398858E-3
1.729166667E-3,6.451357622E-3
1.750000000E-3,6.298515946E-3
1.770833333E-3,5.804467946E-3
1.791666667E-3,4.976299126E-3
1.812500000E-3,3.901591524E-3
1.833333333E-3,2.704285318E-3
1.854166667E-3,1.496935729E-3
1.875000000E-3,3.630534629E-4
1.895833333E-3,-6.212108419E-4
1.916666667E-3,-1.349415514E-3
1.937500000E-3,-1.834894763E-3
1.958333333E-3,-2.251330763E-3
1.979166667E-3,-2.727940213E-3
2.000000000E-3,-3.163973335E-3
2.020833333E-3,-3.485627007E-3
2.041666667E-3,-3.840766614E-3
2.062500000E-3,-4.348775372E-3
2.083333333E-3,-4.989087582E-3
2.104166667E-3,-5.612094421E-3
2.125000000E-3,-6.198284216E-3
2.145833333E-3,-6.814132445E-3
2.166666667E-3,-7.294689771E-3
2.187500000E-3,-7.497387007E-3
2.208333333E-3,-7.515194826E-3
2.229166667E-3,-7.554660551E-3
2.250000000E-3,-7.691458799E-3
2.270833333E-3,-7.783220615E-3
2.291666667E-3,-7.716326043E-3
2.312500000E-3,-7.493088022E-3
2.333333333E-3,-7.192373276E-3
2.354166667E-3,-6.863269955E-3
2.375000000E-3,-6.535177119E-3
2.395833333E-3,-6.398609839E-3
2.416666667E-3,-6.530433893E-3
2.437500000E-3,-6.796105765E-3
2.458333333E-3,-7.115044631E-3
2.479166667E-3,-7.465244271E-3
2.500000000E-3,-7.863586769E-3
2.520833333E-3,-8.241746575E-3
2.541666667E-3,-8.463466540E-3
2.562500000E-3,-8.571453393E-3
2.583333333E-3,-8.701703511E-3
2.604166667E-3,-8.829561993E-3
2.625000000E-3,-8.788238280E-3
2.645833333E-3,-8.526703343E-3
2.666666667E-3,-8.205258287E-3
2.687500000E-3,-8.023596369E-3
2.708333333E-3,-8.021299727E-3
2.729166667E-3,-8.163917810E-3
2.750000000E-3,-8.524979465E-3
2.770833333E-3,-9.147951379E-3
2.791666667E-3,-9.968279861E-3
2.812500000E-3,-1.081492752E-2
2.833333333E-3,-1.155176573E-2
2.854166667E-3,-1.218498871E-2
2.875000000E-3,-1.258763671E-2
2.895833333E-3,-1.269638166E-2
2.916666667E-3,-1.266847365E-2
2.937500000E-3,-1.261271536E-2
2.958333333E-3,-1.249747165E-2
2.979166667E-3,-1.210165396E-2
3.000000000E-3,-1.134371758E-2
3.020833333E-3,-1.050164178E-2
3.041666667E-3,-9.783055633E-3
3.062500000E-3,-9.194101207E-3
3.083333333E-3,-8.806003258E-3
3.104166667E-3,-8.685718291E-3
3.125000000E-3,-8.748255670E-3
3.145833333E-3,-8.742423728E-3
3.166666667E-3,-8.388563991E-3
3.187500000E-3,-7.680920418E-3
3.208333333E-3,-6.761479657E-3
3.229166667E-3,-5.768140312E-3
3.250000000E-3,-4.811519291E-3
3.270833333E-3,-3.889941610E-3
3.291666667E-3,-2.995925955E-3
3.312500000E-3,-2.009644639E-3
3.333333333E-3,-7.986653945E-4
3.354166667E-3,5.444152630E-4
3.375000000E-3,1.796625322E-3
3.395833333E-3,2.763152588E-3
3.416666667E-3,3.455627942E-3
3.437500000E-3,4.009414930E-3
3.458333333E-3,4.452195950E-3
3.479166667E-3,4.764831159E-3
3.500000000E-3,4.984316416E-3
3.520833333E-3,5.123423412E-3
3.541666667E-3,5.177595653E-3
3.562500000E-3,5.190907978E-3
3.583333333E-3,5.255097523E-3
3.604166667E-3,5.418399815E-3
3.625000000E-3,5.598456599E-3
3.645833333E-3,5.612510722E-3
3.666666667E-3,5.255135708E-3
3.687500000E-3,4.527471960E-3
3.708333333E-3,3.680742811E-3
3.729166667E-3,2.962216269E-3
3.750000000E-3,2.478804905E-3
3.770833333E-3,2.179965377E-3
3.791666667E-3,1.945769647E-3
3.812500000E-3,1.660493435E-3
3.833333333E-3,1.212682342E-3
3.854166667E-3,6.939418381E-4
3.875000000E-3,4.125325941E-4
3.895833333E-3,4.663642030E-4
3.916666667E-3,6.513895933E-4
3.937500000E-3,7.281369180E-4
3.958333333E-3,5.633437540E-4
3.979166667E-3,1.768004877E-4
4.000000000E-3,-4.222106945E-4
4.020833333E-3,-1.139578992E-3
4.041666667E-3,-1.760986634E-3
4.062500000E-3,-2.202260774E-3
4.083333333E-3,-2.414886141E-3
4.104166667E-3,-2.426169813E-3
4.125000000E-3,-2.365068533E-3
4.145833333E-3,-2.342739142E-3
4.166666667E-3,-2.346593887E-3
4.187500000E-3,-2.152833389E-3
4.208333333E-3,-1.564084669E-3
4.229166667E-3,-7.724829484E-4
4.250000000E-3,-9.007341578E-5
4.270833333E-3,4.011680139E-4
4.291666667E-3,6.578506436E-4
4.312500000E-3,7.706388133E-4
4.333333333E-3,9.833556833E-4
4.354166667E-3,1.509326277E-3
4.375000000E-3,2.284034854E-3
4.395833333E-3,2.966037486E-3
4.416666667E-3,3.398828674E-3
4.437500000E-3,3.664626740E-3
4.458333333E-3,3.933404107E-3
4.479166667E-3,4.185885191E-3
4.500000000E-3,4.298123997E-3
4.520833333E-3,4.243822768E-3
4.541666667E-3,3.920185380E-3
4.562500000E-3,3.306473605E-3
4.583333333E-3,2.544742310E-3
4.604166667E-3,1.817015465E-3
4.625000000E-3,1.248794957E-3
4.645833333E-3,9.283093386E-4
4.666666667E-3,8.901348338E-4
4.687500000E-3,1.034006826E-3
4.708333333E-3,1.275427756E-3
4.729166667E-3,1.588702668E-3
4.750000000E-3,1.880426425E-3
4.770833333E-3,2.077254932E-3
4.791666667E-3,2.148354892E-3
4.812500000E-3,1.993166283E-3
4.833333333E-3,1.607163809E-3
4.854166667E-3,1.079892856E-3
4.875000000E-3,5.546140019E-4
4.895833333E-3,1.756103447E-4
4.916666667E-3,-9.666495316E-5
4.937500000E-3,-3.162755747E-4
4.958333333E-3,-5.170495133E-4
4.979166667E-3,-7.138340734E-4
5.000000000E-3,-8.224033518E-4
5.020833333E-3,-7.847368834E-4
5.041666667E-3,-6.079294835E-4
5.062500000E-3,-3.377150861E-4
5.083333333E-3,-2.214180859E-5
5.104166667E-3,2.235319116E-4
5.125000000E-3,2.522726718E-4
5.145833333E-3,5.217415310E-5
5.166666667E-3,-1.998141233E-4
5.187500000E-3,-2.505613666E-4
5.208333333E-3,-2.136608964E-5
5.229166667E-3,4.265207681E-4
5.250000000E-3,9.507584618E-4
5.270833333E-3,1.370889484E-3
5.291666667E-3,1.625633333E-3
5.312500000E-3,1.740040956E-3
5.333333333E-3,1.851054956E-3
5.354166667E-3,2.018321306E-3
5.375000000E-3,2.173200948E-3
5.395833333E-3,2.291569253E-3
5.416666667E-3,2.334155608E-3
5.437500000E-3,2.355976496E-3
5.458333333E-3,2.393121365E-3
5.479166667E-3,2.456898103E-3
5.500000000E-3,2.693897812E-3
5.520833333E-3,3.230485367E-3
5.541666667E-3,4.098466597E-3
5.562500000E-3,5.110580474E-3
5.583333333E-3,6.014822982E-3
5.604166667E-3,6.778563373E-3
5.625000000E-3,7.468138821E-3
5.645833333E-3,8.161257952E-3
5.666666667E-3,8.900530636E-3
5.687500000E-3,9.669722989E-3
5.708333333E-3,1.032666489E-2
5.729166667E-3,1.060169004E-2
5.750000000E-3,1.037901640E-2
5.770833333E-3,9.809204377E-3
5.791666667E-3,9.238632396E-3
5.812500000E-3,8.928734809E-3
5.833333333E-3,8.876821026E-3
5.854166667E-3,8.988047950E-3
5.875000000E-3,9.118170477E-3
5.895833333E-3,9.165597148E-3
5.916666667E-3,9.100842290E-3
5.937500000E-3,8.941567503E-3
5.958333333E-3,8.829501458E-3
5.979166667E-3,8.819092065E-3
6.000000000E-3,8.805463091E-3
6.020833333E-3,8.600524627E-3
6.041666667E-3,8.063131943E-3
6.062500000E-3,7.295428775E-3
6.083333333E-3,6.468718406E-3
6.104166667E-3,5.674747750E-3
6.125000000E-3,4.949573893E-3
6.145833333E-3,4.369336646E-3
6.166666667E-3,3.946323879E-3
6.187500000E-3,3.480021376E-3
6.208333333E-3,2.842389280E-3
6.229166667E-3,2.102126367E-3
6.250000000E-3,1.411539153E-3
6.270833333E-3,7.251149509E-4
6.291666667E-3,-1.409347897E-4
6.312500000E-3,-1.121972920E-3
6.333333333E-3,-2.069638344E-3
6.354166667E-3,-3.026425838E-3
6.375000000E-3,-4.086493980E-3
6.395833333E-3,-5.121622700E-3
6.416666667E-3,-5.844898056E-3
6.437500000E-3,-6.149273831E-3
6.458333333E-3,-6.277020089E-3
6.479166667E-3,-6.493760273E-3
6.500000000E-3,-6.786263548E-3
6.520833333E-3,-7.090679836E-3
6.541666667E-3,-7.367062848E-3
6.562500000E-3,-7.583526894E-3
6.583333333E-3,-7.797453087E-3
6.604166667E-3,-8.064307272E-3
6.625000000E-3,-8.479636163E-3
6.645833333E-3,-9.087014012E-3
6.666666667E-3,-9.762915783E-3
6.687500000E-3,-1.045328099E-2
6.708333333E-3,-1.120051835E-2
6.729166667E-3,-1.197865047E-2
6.750000000E-3,-1.267435215E-2
6.770833333E-3,-1.315874979E-2
6.791666667E-3,-1.338767074E-2
6.812500000E-3,-1.337901596E-2
6.833333333E-3,-1.315478794E-2
6.854166667E-3,-1.272557303E-2
6.875000000E-3,-1.209187694E-2
6.895833333E-3,-1.130512729E-2
6.916666667E-3,-1.048576832E-2
6.937500000E-3,-9.715538472E-3
6.958333333E-3,-8.970253170E-3
6.979166667E-3,-8.219321258E-3
7.000000000E-3,-7.464778610E-3
7.020833333E-3,-6.771991029E-3
7.041666667E-3,-6.162514910E-3
7.062500000E-3,-5.551538430E-3
7.083333333E-3,-4.970083013E-3
7.104166667E-3,-4.440901801E-3
7.125000000E-3,-3.837974276E-3
7.145833333E-3,-3.058366012E-3
7.166666667E-3,-2.119765850E-3
7.187500000E-3,-1.095084357E-3
7.208333333E-3,-2.190210216E-5
7.229166667E-3,1.070549944E-3
7.250000000E-3,2.131837420E-3
7.270833333E-3,3.164428985E-3
7.291666667E-3,4.270527512E-3
7.312500000E-3,5.495899357E-3
7.333333333E-3,6.764759310E-3
7.354166667E-3,7.928447798E-3
7.375000000E-3,8.812341839E-3
7.395833333E-3,9.343137033E-3
7.416666667E-3,9.533324279E-3
7.437500000E-3,9.504011832E-3
7.458333333E-3,9.445707314E-3
7.479166667E-3,9.502438828E-3
7.500000000E-3,9.699781425E-3
7.520833333E-3,9.841093794E-3
7.541666667E-3,9.698414244E-3
7.562500000E-3,9.266769513E-3
7.583333333E-3,8.745081723E-3
7.604166667E-3,8.359285071E-3
7.625000000E-3,8.128164336E-3
7.645833333E-3,7.903326303E-3
7.666666667E-3,7.574990392E-3
7.687500000E-3,7.065185811E-3
7.708333333E-3,6.298876833E-3
7.729166667E-3,5.317510106E-3
7.750000000E-3,4.337750841E-3
7.770833333E-3,3.608024912E-3
7.791666667E-3,3.189824754E-3
7.812500000E-3,2.939331345E-3
7.833333333E-3,2.726736944E-3
7.854166667E-3,2.546184696E-3
7.875000000E-3,2.354405588E-3
7.895833333E-3,2.118970267E-3
7.916666667E-3,1.942099771E-3
7.937500000E-3,1.910888474E-3
7.958333333E-3,1.946631004E-3
7.979166667E-3,1.878112787E-3
8.000000000E-3,1.630935119E-3
8.020833333E-3,1.294495538E-3
8.041666667E-3,9.649511194E-4
8.062500000E-3,5.439395900E-4
8.083333333E-3,-7.691909559E-5
8.104166667E-3,-8.174557588E-4
8.125000000E-3,-1.504721935E-3
8.145833333E-3,-1.958955545E-3
8.166666667E-3,-2.076063771E-3
8.187500000E-3,-1.896115951E-3
8.208333333E-3,-1.563951140E-3
8.229166667E-3,-1.244988642E-3
8.250000000E-3,-1.111017074E-3
8.270833333E-3,-1.210980467E-3
8.291666667E-3,-1.440598862E-3
8.312500000E-3,-1.640146133E-3
8.333333333E-3,-1.676413929E-3
8.354166667E-3,-1.576530514E-3
8.375000000E-3,-1.494081225E-3
8.395833333E-3,-1.643209136E-3
8.416666667E-3,-2.079436788E-3
8.437500000E-3,-2.549867146E-3
8.458333333E-3,-2.757791663E-3
8.479166667E-3,-2.589788055E-3
8.500000000E-3,-2.168171573E-3
8.520833333E-3,-1.750283409E-3
8.541666667E-3,-1.502212835E-3
8.562500000E-3,-1.497139107E-3
8.583333333E-3,-1.783547923E-3
8.604166667E-3,-2.260725480E-3
8.625000000E-3,-2.782017924E-3
8.645833333E-3,-3.287425498E-3
8.666666667E-3,-3.772607539E-3
8.687500000E-3,-4.313469864E-3
8.708333333E-3,-4.949992057E-3
8.729166667E-3,-5.627425388E-3
8.750000000E-3,-6.239833310E-3
8.770833333E-3,-6.605589762E-3
8.791666667E-3,-6.651916541E-3
8.812500000E-3,-6.515257992E-3
8.833333333E-3,-6.288740318E-3
8.854166667E-3,-5.980975926E-3
8.875000000E-3,-5.629890598E-3
8.895833333E-3,-5.313525908E-3
8.916666667E-3,-5.118357949E-3
8.937500000E-3,-5.044543650E-3
8.958333333E-3,-5.057091825E-3
8.979166667E-3,-5.180341657E-3
9.000000000E-3,-5.476493388E-3
9.020833333E-3,-5.907483399E-3
9.041666667E-3,-6.315354258E-3
9.062500000E-3,-6.527424790E-3
9.083333333E-3,-6.430884823E-3
9.104166667E-3,-6.054030731E-3
9.125000000E-3,-5.521168932E-3
9.145833333E-3,-4.984653089E-3
9.166666667E-3,-4.566528369E-3
9.187500000E-3,-4.344157409E-3
9.208333333E-3,-4.306651186E-3
9.229166667E-3,-4.399008118E-3
9.250000000E-3,-4.670887254E-3
9.270833333E-3,-5.116214510E-3
9.291666667E-3,-5.622388795E-3
9.312500000E-3,-6.124443375E-3
9.333333333E-3,-6.579536013E-3
9.354166667E-3,-6.963292137E-3
9.375000000E-3,-7.166566327E-3
9.395833333E-3,-6.959350780E-3
9.416666667E-3,-6.268584169E-3
9.437500000E-3,-5.182624329E-3
9.458333333E-3,-3.854605835E-3
9.479166667E-3,-2.468414139E-3
9.500000000E-3,-1.180196065E-3
9.520833333E-3,-1.905104873E-4
9.541666667E-3,4.834357533E-4
9.562500000E-3,9.827190079E-4
9.583333333E-3,1.433745027E-3
9.604166667E-3,1.989828655E-3
9.625000000E-3,2.625207417E-3
9.645833333E-3,3.283849917E-3
9.666666667E-3,3.964136355E-3
9.687500000E-3,4.522166681E-3
9.708333333E-3,4.924879409E-3
9.729166667E-3,5.376115441E-3
9.750000000E-3,6.107134745E-3
9.770833333E-3,7.123893127E-3
9.791666667E-3,8.181833662E-3
9.812500000E-3,9.064816870E-3
9.833333333E-3,9.684991091E-3
9.854166667E-3,1.012719143E-2
9.875000000E-3,1.056924649E-2
9.895833333E-3,1.119031385E-2
9.916666667E-3,1.213010214E-2
9.937500000E-3,1.318396628E-2
9.958333333E-3,1.402119733E-2
9.979166667E-3,1.451189816E-2
1.000000000E-2,1.471566781E-2
1.002083333E-2,1.490183361E-2
1.004166667E-2,1.519452780E-2
1.006250000E-2,1.548056491E-2
1.008333333E-2,1.554638334E-2
1.010416667E-2,1.520451158E-2
1.012500000E-2,1.442579366E-2
1.014583333E-2,1.322312839E-2
1.016666667E-2,1.185147651E-2
1.018750000E-2,1.066696644E-2
1.020833333E-2,9.737128392E-3
1.022916667E-2,9.001487866E-3
1.025000000E-2,8.418957703E-3
1.027083333E-2,7.950235158E-3
1.029166667E-2,7.553974167E-3
1.031250000E-2,7.181553636E-3
1.033333333E-2,6.877216510E-3
1.035416667E-2,6.688471884E-3
1.037500000E-2,6.474371068E-3
1.039583333E-2,6.038586143E-3
1.041666667E-2,5.273249932E-3
1.043750000E-2,4.191794898E-3
1.045833333E-2,2.863300266E-3
1.047916667E-2,1.352972118E-3
1.050000000E-2,-2.446635626E-4
1.052083333E-2,-1.805912238E-3
1.054166667E-2,-3.171118442E-3
1.056250000E-2,-4.208993167E-3
1.058333333E-2,-4.859699868E-3
1.060416667E-2,-5.211470649E-3
1.062500000E-2,-5.412539467E-3
1.064583333E-2,-5.518253893E-3
1.066666667E-2,-5.641710013E-3
1.068750000E-2,-5.931937601E-3
1.070833333E-2,-6.387832575E-3
1.072916667E-2,-6.812756415E-3
1.075000000E-2,-7.016981021E-3
1.077083333E-2,-7.008482702E-3
1.079166667E-2,-6.902426481E-3
1.081250000E-2,-6.813376211E-3
1.083333333E-2,-6.760019809E-3
1.085416667E-2,-6.713716313E-3
1.087500000E-2,-6.562329829E-3
1.089583333E-2,-6.127236411E-3
1.091666667E-2,-5.351318512E-3
1.093750000E-2,-4.345227964E-3
1.095833333E-2,-3.389623715E-3
1.097916667E-2,-2.694753930E-3
1.100000000E-2,-2.261269838E-3
1.102083333E-2,-1.917480025E-3
1.104166667E-2,-1.420531771E-3
1.106250000E-2,-6.370529300E-4
1.108333333E-2,3.379088594E-4
1.110416667E-2,1.224238775E-3
1.112500000E-2,1.823356841E-3
1.114583333E-2,2.126197098E-3
1.116666667E-2,2.256188542E-3
1.118750000E-2,2.455101348E-3
1.120833333E-2,2.886495087E-3
1.122916667E-2,3.434326965E-3
1.125000000E-2,3.867378458E-3
1.127083333E-2,3.969486803E-3
1.129166667E-2,3.670382313E-3
1.131250000E-2,3.113316372E-3
1.133333333E-2,2.515604952E-3
1.135416667E-2,2.106383443E-3
1.137500000E-2,1.963363262E-3
1.139583333E-2,1.887893188E-3
1.141666667E-2,1.571063534E-3
1.143750000E-2,8.904413553E-4
1.145833333E-2,5.153124221E-6
1.147916667E-2,-7.597219083E-4
1.150000000E-2,-1.142557245E-3
1.152083333E-2,-1.092745573E-3
1.154166667E-2,-7.507513510E-4
1.156250000E-2,-3.311542678E-4
1.158333333E-2,-3.554343130E-5
1.160416667E-2,5.457028237E-5
1.162500000E-2,3.968481178E-5
1.164583333E-2,-3.906418715E-5
1.166666667E-2,-2.365936234E-4
1.168750000E-2,-6.444561295E-4
1.170833333E-2,-1.202982618E-3
1.172916667E-2,-1.721740700E-3
1.175000000E-2,-2.260186244E-3
1.177083333E-2,-2.852937672E-3
1.179166667E-2,-3.492735093E-3
1.181250000E-2,-4.269698169E-3
1.183333333E-2,-5.110549275E-3
1.185416667E-2,-5.941111594E-3
1.187500000E-2,-6.655044854E-3
1.189583333E-2,-7.173483726E-3
1.191666667E-2,-7.557055447E-3
1.193750000E-2,-7.764166687E-3
1.195833333E-2,-7.894773968E-3
1.197916667E-2,-8.140381426E-3
1.200000000E-2,-8.482012898E-3
1.202083333E-2,-8.790549822E-3
1.204166667E-2,-8.948287927E-3
1.206250000E-2,-8.984303102E-3
1.208333333E-2,-9.006508626E-3
1.210416667E-2,-9.085584432E-3
1.212500000E-2,-9.321037680E-3
1.214583333E-2,-9.701864794E-3
1.216666667E-2,-1.004918013E-2
1.218750000E-2,-1.018337719E-2
1.220833333E-2,-1.000608504E-2
1.222916667E-2,-9.688164108E-3
1.225000000E-2,-9.524947032E-3
1.227083333E-2,-9.576533921E-3
1.229166667E-2,-9.731767699E-3
1.231250000E-2,-9.814132005E-3
1.233333333E-2,-9.624027647E-3
1.235416667E-2,-9.020105936E-3
1.237500000E-2,-8.027695119E-3
1.239583333E-2,-6.985628977E-3
1.241666667E-2,-6.253484171E-3
1.243750000E-2,-5.839934573E-3
1.245833333E-2,-5.438779015E-3
1.247916667E-2,-4.821827635E-3
1.250000000E-2,-4.042344168E-3
1.252083333E-2,-3.156636376E-3
1.254166667E-2,-2.229737351E-3
1.256250000E-2,-1.469118288E-3
1.258333333E-2,-1.011492335E-3
1.260416667E-2,-7.034169976E-4
1.262500000E-2,-2.957104589E-4
1.264583333E-2,2.590817458E-4
1.266666667E-2,7.717258995E-4
1.268750000E-2,1.086832606E-3
1.270833333E-2,1.229645335E-3
1.272916667E-2,1.258225995E-3
1.275000000E-2,1.203789259E-3
1.277083333E-2,1.099461457E-3
1.279166667E-2,1.072613057E-3
1.281250000E-2,1.150441822E-3
1.283333333E-2,1.222323859E-3
1.285416667E-2,1.289247302E-3
1.287500000E-2,1.442574896E-3
1.289583333E-2,1.796883414E-3
1.291666667E-2,2.299693413E-3
1.293750000E-2,2.746736398E-3
1.295833333E-2,3.108212724E-3
1.297916667E-2,3.431407269E-3
1.300000000E-2,3.530882765E-3
1.302083333E-2,3.162647365E-3
1.304166667E-2,2.350882394E-3
1.306250000E-2,1.299999421E-3
1.308333333E-2,2.256397565E-4
1.310416667E-2,-7.356440765E-4
1.312500000E-2,-1.513856929E-3
1.314583333E-2,-2.021689434E-3
1.316666667E-2,-2.247917932E-3
1.318750000E-2,-2.205587691E-3
1.320833333E-2,-1.950933714E-3
1.322916667E-2,-1.644965494E-3
1.325000000E-2,-1.378375338E-3
1.327083333E-2,-1.171380281E-3
1.329166667E-2,-9.506213246E-4
1.331250000E-2,-6.203703815E-4
1.333333333E-2,-1.891233551E-4
1.335416667E-2,2.940713312E-4
1.337500000E-2,7.141539827E-4
1.339583333E-2,1.018933253E-3
1.341666667E-2,1.263004960E-3
1.343750000E-2,1.466600224E-3
1.345833333E-2,1.615638146E-3
1.347916667E-2,1.745973714E-3
1.350000000E-2,1.987229567E-3
1.352083333E-2,2.454372589E-3
1.354166667E-2,3.106935415E-3
1.356250000E-2,3.856636118E-3
1.358333333E-2,4.680249374E-3
1.360416667E-2,5.533953663E-3
1.362500000E-2,6.416310091E-3
1.364583333E-2,7.348315790E-3
1.366666667E-2,8.265962824E-3
1.368750000E-2,9.077596478E-3
1.370833333E-2,9.691854008E-3
1.372916667E-2,1.001771167E-2
1.375000000E-2,1.005355548E-2
1.377083333E-2,9.939740412E-3
1.379166667E-2,9.855069220E-3
1.381250000E-2,9.900880046E-3
1.383333333E-2,1.000703592E-2
1.385416667E-2,1.006279141E-2
1.387500000E-2,1.014292054E-2
1.389583333E-2,1.035263948E-2
1.391666667E-2,1.070047915E-2
1.393750000E-2,1.121613197E-2
1.395833333E-2,1.195193082E-2
1.397916667E-2,1.279019378E-2
1.400000000E-2,1.349517889E-2
1.402083333E-2,1.389928721E-2
1.404166667E-2,1.394710038E-2
1.406250000E-2,1.383616775E-2
1.408333333E-2,1.372411288E-2
1.410416667E-2,1.362096332E-2
1.412500000E-2,1.359200664E-2
1.414583333E-2,1.354508288E-2
1.416666667E-2,1.332721114E-2
1.418750000E-2,1.286585256E-2
1.420833333E-2,1.219633408E-2
1.422916667E-2,1.151564158E-2
1.425000000E-2,1.095432788E-2
1.427083333E-2,1.050231606E-2
1.429166667E-2,1.013801154E-2
1.431250000E-2,9.878735989E-3
1.433333333E-2,9.683285840E-3
1.435416667E-2,9.441679344E-3
1.437500000E-2,9.048800915E-3
1.439583333E-2,8.439525031E-3
1.441666667E-2,7.625635713E-3
1.443750000E-2,6.616577506E-3
1.445833333E-2,5.460320041E-3
1.447916667E-2,4.277966917E-3
1.450000000E-2,3.205820452E-3
1.452083333E-2,2.330060583E-3
1.454166667E-2,1.585096354E-3
1.456250000E-2,8.628217620E-4
1.458333333E-2,1.467118273E-4
1.460416667E-2,-4.936708719E-4
1.462500000E-2,-9.986945661E-4
1.464583333E-2,-1.357728150E-3
1.466666667E-2,-1.518484205E-3
1.468750000E-2,-1.476939069E-3
1.470833333E-2,-1.401837566E-3
1.472916667E-2,-1.422366477E-3
1.475000000E-2,-1.531406073E-3
1.477083333E-2,-1.728246687E-3
1.479166667E-2,-2.052506665E-3
1.481250000E-2,-2.544088755E-3
1.483333333E-2,-3.073521424E-3
1.485416667E-2,-3.447580151E-3
1.487500000E-2,-3.612547647E-3
1.489583333E-2,-3.547239350E-3
1.491666667E-2,-3.273745999E-3
1.493750000E-2,-2.854499500E-3
1.495833333E-2,-2.402825747E-3
1.497916667E-2,-2.122411039E-3
1.500000000E-2,-2.057221718E-3
1.502083333E-2,-2.085995395E-3
1.504166667E-2,-2.093537012E-3
1.506250000E-2,-2.025188878E-3
1.508333333E-2,-1.989178127E-3
1.510416667E-2,-2.078135032E-3
1.512500000E-2,-2.276353305E-3
1.514583333E-2,-2.602726920E-3
1.516666667E-2,-3.012076020E-3
1.518750000E-2,-3.415943123E-3
1.520833333E-2,-3.724467009E-3
1.522916667E-2,-3.828469664E-3
1.525000000E-2,-3.705521580E-3
1.527083333E-2,-3.419315442E-3
1.529166667E-2,-3.134035971E-3
1.531250000E-2,-3.048893530E-3
1.533333333E-2,-3.269330831E-3
1.535416667E-2,-3.754833248E-3
1.537500000E-2,-4.366993904E-3
1.539583333E-2,-4.958499223E-3
1.541666667E-2,-5.376886111E-3
1.543750000E-2,-5.601439625E-3
1.545833333E-2,-5.744009744E-3
1.547916667E-2,-5.898610689E-3
1.550000000E-2,-6.045687944E-3
1.552083333E-2,-6.064035464E-3
1.554166667E-2,-5.957942922E-3
1.556250000E-2,-5.799586885E-3
1.558333333E-2,-5.652669817E-3
1.560416667E-2,-5.680973642E-3
1.562500000E-2,-6.003513001E-3
1.564583333E-2,-6.643074565E-3
1.566666667E-2,-7.464368362E-3
1.568750000E-2,-8.231327869E-3
1.570833333E-2,-8.831748739E-3
1.572916667E-2,-9.236538783E-3
1.575000000E-2,-9.552240372E-3
1.577083333E-2,-9.912394919E-3
1.579166667E-2,-1.029465348E-2
1.581250000E-2,-1.060282253E-2
1.583333333E-2,-1.070508454E-2
1.585416667E-2,-1.052294113E-2
1.587500000E-2,-1.012677886E-2
1.589583333E-2,-9.713085368E-3
1.591666667E-2,-9.496059269E-3
1.593750000E-2,-9.545674548E-3
1.595833333E-2,-9.779101238E-3
1.597916667E-2,-1.007546578E-2
1.600000000E-2,-1.033677720E-2
1.602083333E-2,-1.049284078E-2
1.604166667E-2,-1.049427502E-2
1.606250000E-2,-1.039383002E-2
1.608333333E-2,-1.027885638E-2
1.610416667E-2,-1.004731655E-2
1.612500000E-2,-9.501369670E-3
1.614583333E-2,-8.633146994E-3
1.616666667E-2,-7.645913400E-3
1.618750000E-2,-6.702413317E-3
1.620833333E-2,-5.905127153E-3
1.622916667E-2,-5.352759734E-3
1.625000000E-2,-4.954242613E-3
1.627083333E-2,-4.656156525E-3
1.629166667E-2,-4.459754564E-3
1.631250000E-2,-4.280625843E-3
1.633333333E-2,-4.117481411E-3
1.635416667E-2,-3.948189318E-3
1.637500000E-2,-3.765100148E-3
1.639583333E-2,-3.595866729E-3
1.641666667E-2,-3.370282939E-3
1.643750000E-2,-2.964207903E-3
1.645833333E-2,-2.350764349E-3
1.647916667E-2,-1.636333065E-3
1.650000000E-2,-9.818212129E-4
1.652083333E-2,-5.278233439E-4
1.654166667E-2,-3.176595783E-4
1.656250000E-2,-2.815091284E-4
1.658333333E-2,-3.345406149E-4
1.660416667E-2,-5.084603908E-4
1.662500000E-2,-7.906509563E-4
1.664583333E-2,-1.057302812E-3
1.666666667E-2,-1.234433963E-3
1.668750000E-2,-1.292349771E-3
1.670833333E-2,-1.348835183E-3
1.672916667E-2,-1.539575751E-3
1.675000000E-2,-1.740790787E-3
1.677083333E-2,-1.834055292E-3
1.679166667E-2,-1.838665805E-3
1.681250000E-2,-1.760172658E-3
1.683333333E-2,-1.647492521E-3
1.685416667E-2,-1.590791275E-3
1.687500000E-2,-1.680428162E-3
1.689583333E-2,-1.969875069E-3
1.691666667E-2,-2.405214589E-3
1.693750000E-2,-2.890323754E-3
1.695833333E-2,-3.320571501E-3
1.697916667E-2,-3.605842125E-3
1.700000000E-2,-3.671099665E-3
1.702083333E-2,-3.482499858E-3
1.704166667E-2,-3.120897571E-3
1.706250000E-2,-2.679614583E-3
1.708333333E-2,-2.207250800E-3
1.710416667E-2,-1.756723970E-3
1.712500000E-2,-1.400136156E-3
1.714583333E-2,-1.184404013E-3
1.716666667E-2,-1.144982525E-3
1.718750000E-2,-1.291010762E-3
1.720833333E-2,-1.590085332E-3
1.722916667E-2,-1.990425866E-3
1.725000000E-2,-2.393165138E-3
1.727083333E-2,-2.713206690E-3
1.729166667E-2,-2.868899144E-3
1.731250000E-2,-2.747456077E-3
1.733333333E-2,-2.294186503E-3
1.735416667E-2,-1.580755459E-3
1.737500000E-2,-7.304421742E-4
1.739583333E-2,2.032453922E-4
1.741666667E-2,1.216681558E-3
1.743750000E-2,2.285548951E-3
1.745833333E-2,3.399091307E-3
1.747916667E-2,4.532011226E-3
1.750000000E-2,5.494940095E-3
1.752083333E-2,6.020463537E-3
1.754166667E-2,6.022804882E-3
1.756250000E-2,5.694579333E-3
1.758333333E-2,5.404150113E-3
1.760416667E-2,5.347277038E-3
1.762500000E-2,5.503985565E-3
1.764583333E-2,5.844754167E-3
1.766666667E-2,6.241791416E-3
1.768750000E-2,6.645658053E-3
1.770833333E-2,7.125882432E-3
1.772916667E-2,7.751892321E-3
1.775000000E-2,8.613660000E-3
1.777083333E-2,9.559892118E-3
1.779166667E-2,1.029520296E-2
1.781250000E-2,1.068376843E-2
1.783333333E-2,1.075757947E-2
1.785416667E-2,1.068270579E-2
1.787500000E-2,1.062817872E-2
1.789583333E-2,1.068694796E-2
1.791666667E-2,1.087144110E-2
1.793750000E-2,1.103125140E-2
1.795833333E-2,1.102786418E-2
1.797916667E-2,1.094827801E-2
1.800000000E-2,1.097562071E-2
1.802083333E-2,1.120011136E-2
1.804166667E-2,1.155626494E-2
1.806250000E-2,1.189908199E-2
1.808333333E-2,1.213717274E-2
1.810416667E-2,1.216297969E-2
1.812500000E-2,1.184455305E-2
1.814583333E-2,1.127002388E-2
1.816666667E-2,1.062697545E-2
1.818750000E-2,1.001398917E-2
1.820833333E-2,9.486656636E-3
1.822916667E-2,8.958014660E-3
1.825000000E-2,8.438059129E-3
1.827083333E-2,8.059298620E-3
1.829166667E-2,7.818860933E-3
1.831250000E-2,7.700919174E-3
1.833333333E-2,7.631804794E-3
1.835416667E-2,7.485789247E-3
1.837500000E-2,7.131038234E-3
1.839583333E-2,6.429477595E-3
1.841666667E-2,5.454512779E-3
1.843750000E-2,4.466419108E-3
1.845833333E-2,3.627859987E-3
1.847916667E-2,2.972878749E-3
1.850000000E-2,2.460552379E-3
1.852083333E-2,1.998841297E-3
1.854166667E-2,1.546888496E-3
1.856250000E-2,1.087765791E-3
1.858333333E-2,7.447034586E-4
1.860416667E-2,6.823076401E-4
1.862500000E-2,8.979754639E-4
1.864583333E-2,1.327631529E-3
1.866666667E-2,1.798237208E-3
1.868750000E-2,2.086299006E-3
1.870833333E-2,2.081481973E-3
1.872916667E-2,1.811468275E-3
1.875000000E-2,1.465448062E-3
1.877083333E-2,1.172611373E-3
1.879166667E-2,8.811310981E-4
1.881250000E-2,6.073830882E-4
1.883333333E-2,3.896876005E-4
1.885416667E-2,1.944401156E-4
1.887500000E-2,5.268274617E-5
1.889583333E-2,5.877904186E-5
1.891666667E-2,2.747089893E-4
1.893750000E-2,6.364210276E-4
1.895833333E-2,1.029893523E-3
1.897916667E-2,1.399181550E-3
1.900000000E-2,1.764401561E-3
1.902083333E-2,2.098941477E-3
1.904166667E-2,2.330994699E-3
1.906250000E-2,2.542878268E-3
1.908333333E-2,2.802108880E-3
1.910416667E-2,3.127115546E-3
1.912500000E-2,3.475864884E-3
1.914583333E-2,3.693904262E-3
1.916666667E-2,3.766292939E-3
1.918750000E-2,3.737377934E-3
1.920833333E-2,3.652859014E-3
1.922916667E-2,3.581809811E-3
1.925000000E-2,3.516137833E-3
1.927083333E-2,3.392987419E-3
1.929166667E-2,3.100438742E-3
1.931250000E-2,2.611635253E-3
1.933333333E-2,2.111147158E-3
1.935416667E-2,1.713011996E-3
1.937500000E-2,1.399012050E-3
1.939583333E-2,1.156253624E-3
1.941666667E-2,8.153890376E-4
1.943750000E-2,3.317198425E-4
1.945833333E-2,-9.818201943E-5
1.947916667E-2,-3.992179409E-4
1.950000000E-2,-5.828032736E-4
1.952083333E-2,-7.431959966E-4
1.954166667E-2,-9.903288446E-4
1.956250000E-2,-1.327151665E-3
1.958333333E-2,-1.761379419E-3
1.960416667E-2,-2.285082825E-3
1.962500000E-2,-2.791042905E-3
1.964583333E-2,-3.170377575E-3
1.966666667E-2,-3.370346501E-3
1.968750000E-2,-3.357426729E-3
1.970833333E-2,-3.201183164E-3
1.972916667E-2,-2.993463073E-3
1.975000000E-2,-2.818715759E-3
1.977083333E-2,-2.715154784E-3
1.979166667E-2,-2.577652223E-3
1.981250000E-2,-2.356054261E-3
1.983333333E-2,-2.080186037E-3
1.985416667E-2,-1.896561356E-3
1.987500000E-2,-1.973755425E-3
1.989583333E-2,-2.211579587E-3
1.991666667E-2,-2.482723910E-3
1.993750000E-2,-2.721013967E-3
1.995833333E-2,-2.785012126E-3
1.997916667E-2,-2.567877993E-3
2.000000000E-2,-2.146856394E-3
2.002083333E-2,-1.845458290E-3
2.004166667E-2,-1.864803955E-3
2.006250000E-2,-2.072324278E-3
2.008333333E-2,-2.237746492E-3
2.010416667E-2,-2.262212336E-3
2.012500000E-2,-2.223238349E-3
2.014583333E-2,-2.166623948E-3
2.016666667E-2,-2.143166494E-3
2.018750000E-2,-2.309252042E-3
2.020833333E-2,-2.684467705E-3
2.022916667E-2,-3.099746071E-3
2.025000000E-2,-3.383815987E-3
2.027083333E-2,-3.476599697E-3
2.029166667E-2,-3.471367061E-3
2.031250000E-2,-3.473445307E-3
2.033333333E-2,-3.483017907E-3
2.035416667E-2,-3.523497842E-3
2.037500000E-2,-3.666825127E-3
2.039583333E-2,-3.925712314E-3
2.041666667E-2,-4.206739366E-3
2.043750000E-2,-4.358062055E-3
2.045833333E-2,-4.459258169E-3
2.047916667E-2,-4.713516682E-3
2.050000000E-2,-5.130157806E-3
2.052083333E-2,-5.598059855E-3
2.054166667E-2,-5.924595520E-3
2.056250000E-2,-6.087917835E-3
2.058333333E-2,-6.151820533E-3
2.060416667E-2,-6.100592203E-3
2.062500000E-2,-6.012833677E-3
2.064583333E-2,-5.962998606E-3
2.066666667E-2,-6.002615206E-3
2.068750000E-2,-6.157656666E-3
2.070833333E-2,-6.402847823E-3
2.072916667E-2,-6.703531370E-3
2.075000000E-2,-7.050354034E-3
2.077083333E-2,-7.402877789E-3
2.079166667E-2,-7.672258187E-3
2.081250000E-2,-7.817372680E-3
2.083333333E-2,-7.766377181E-3
2.085416667E-2,-7.484318223E-3
2.087500000E-2,-7.064352743E-3
2.089583333E-2,-6.666095927E-3
2.091666667E-2,-6.491289474E-3
2.093750000E-2,-6.599144079E-3
2.095833333E-2,-6.851509213E-3
2.097916667E-2,-7.164631039E-3
2.100000000E-2,-7.627898827E-3
2.102083333E-2,-8.333116770E-3
2.104166667E-2,-9.180772118E-3
2.106250000E-2,-9.968053550E-3
2.108333333E-2,-1.055664476E-2
2.110416667E-2,-1.085873879E-2
2.112500000E-2,-1.086452045E-2
2.114583333E-2,-1.068166643E-2
2.116666667E-2,-1.049304288E-2
2.118750000E-2,-1.040371135E-2
2.120833333E-2,-1.029483508E-2
2.122916667E-2,-9.987849742E-3
2.125000000E-2,-9.450233541E-3
2.127083333E-2,-8.827606216E-3
2.129166667E-2,-8.335463703E-3
2.131250000E-2,-8.046972565E-3
2.133333333E-2,-7.959561422E-3
2.135416667E-2,-8.033910766E-3
2.137500000E-2,-8.066095412E-3
2.139583333E-2,-7.872233167E-3
2.141666667E-2,-7.393664680E-3
2.143750000E-2,-6.746153347E-3
2.145833333E-2,-6.191919558E-3
2.147916667E-2,-5.771106109E-3
2.150000000E-2,-5.319986027E-3
2.152083333E-2,-4.729912616E-3
2.154166667E-2,-4.020834807E-3
2.156250000E-2,-3.255276009E-3
2.158333333E-2,-2.408336382E-3
2.160416667E-2,-1.586072613E-3
2.162500000E-2,-9.772486519E-4
2.164583333E-2,-5.574082024E-4
2.166666667E-2,-1.357346482E-4
2.168750000E-2,4.937015474E-4
2.170833333E-2,1.351531246E-3
2.172916667E-2,2.316037193E-3
2.175000000E-2,3.349630628E-3
2.177083333E-2,4.434489645E-3
2.179166667E-2,5.442731548E-3
2.181250000E-2,6.250356790E-3
2.183333333E-2,6.818304770E-3
2.185416667E-2,7.142697927E-3
2.187500000E-2,7.276816294E-3
2.189583333E-2,7.216992788E-3
2.191666667E-2,6.992311217E-3
2.193750000E-2,6.753539667E-3
2.195833333E-2,6.478037685E-3
2.197916667E-2,6.197651848E-3
2.200000000E-2,6.074055098E-3
2.202083333E-2,6.212037057E-3
2.204166667E-2,6.656245328E-3
2.206250000E-2,7.163432892E-3
2.208333333E-2,7.469861303E-3
2.210416667E-2,7.453734055E-3
2.212500000E-2,7.130966056E-3
2.214583333E-2,6.742239930E-3
2.216666667E-2,6.377255544E-3
2.218750000E-2,5.998245440E-3
2.220833333E-2,5.564120598E-3
2.222916667E-2,4.963013809E-3
2.225000000E-2,4.140694626E-3
2.227083333E-2,3.180915955E-3
2.229166667E-2,2.253058832E-3
2.231250000E-2,1.601593569E-3
2.233333333E-2,1.375325024E-3
2.235416667E-2,1.475804718E-3
2.237500000E-2,1.757997554E-3
2.239583333E-2,1.986201387E-3
2.241666667E-2,2.048748080E-3
2.243750000E-2,2.116324846E-3
2.245833333E-2,2.246743068E-3
2.247916667E-2,2.374322154E-3
2.250000000E-2,2.435321920E-3
2.252083333E-2,2.433539135E-3
2.254166667E-2,2.451876411E-3
2.256250000E-2,2.519677393E-3
2.258333333E-2,2.749436069E-3
2.260416667E-2,3.289182438E-3
2.262500000E-2,4.134533927E-3
2.264583333E-2,5.115144420E-3
2.266666667E-2,5.973198451E-3
2.268750000E-2,6.629812531E-3
2.270833333E-2,7.206979673E-3
2.272916667E-2,7.815292105E-3
2.275000000E-2,8.463291451E-3
2.277083333E-2,9.046476334E-3
2.279166667E-2,9.356268682E-3
2.281250000E-2,9.222976863E-3
2.283333333E-2,8.741802536E-3
2.285416667E-2,8.266333491E-3
2.287500000E-2,8.198933676E-3
2.289583333E-2,8.677034639E-3
2.291666667E-2,9.489374235E-3
2.293750000E-2,1.035753079E-2
2.295833333E-2,1.111847907E-2
2.297916667E-2,1.174685638E-2
2.300000000E-2,1.225832477E-2
2.302083333E-2,1.260220725E-2
2.304166667E-2,1.276068762E-2
2.306250000E-2,1.265939884E-2
2.308333333E-2,1.213179529E-2
2.310416667E-2,1.117363013E-2
2.312500000E-2,9.973482229E-3
2.314583333E-2,8.775463328E-3
2.316666667E-2,7.755276281E-3
2.318750000E-2,6.921206601E-3
2.320833333E-2,6.212248001E-3
2.322916667E-2,5.590125918E-3
2.325000000E-2,4.983957857E-3
2.327083333E-2,4.391156603E-3
2.329166667E-2,3.953238484E-3
2.331250000E-2,3.846664447E-3
2.333333333E-2,4.093034659E-3
2.335416667E-2,4.403253086E-3
2.337500000E-2,4.391919356E-3
2.339583333E-2,3.962025046E-3
2.341666667E-2,3.275340423E-3
2.343750000E-2,2.518307883E-3
2.345833333E-2,1.835227944E-3
2.347916667E-2,1.293416950E-3
2.350000000E-2,8.713930147E-4
2.352083333E-2,4.229873302E-4
2.354166667E-2,-2.005783317E-4
2.356250000E-2,-8.648072835E-4
2.358333333E-2,-1.315765316E-3
2.360416667E-2,-1.605703612E-3
2.362500000E-2,-1.922425348E-3
2.364583333E-2,-2.305721864E-3
2.366666667E-2,-2.750841901E-3
2.368750000E-2,-3.233223688E-3
2.370833333E-2,-3.705875482E-3
2.372916667E-2,-4.021276254E-3
2.375000000E-2,-3.999580164E-3
2.377083333E-2,-3.750139615E-3
2.379166667E-2,-3.556490410E-3
2.381250000E-2,-3.539904021E-3
2.383333333E-2,-3.559676465E-3
2.385416667E-2,-3.436385654E-3
2.387500000E-2,-3.222446423E-3
2.389583333E-2,-3.087412566E-3
2.391666667E-2,-3.113857005E-3
2.393750000E-2,-3.209801391E-3
2.395833333E-2,-3.249431727E-3
2.397916667E-2,-3.178034211E-3
2.400000000E-2,-2.947686240E-3
2.402083333E-2,-2.650093054E-3
2.404166667E-2,-2.567525953E-3
2.406250000E-2,-2.851055935E-3
2.408333333E-2,-3.259036224E-3
2.410416667E-2,-3.422782058E-3
2.412500000E-2,-3.233178519E-3
2.414583333E-2,-2.872397657E-3
2.416666667E-2,-2.562096342E-3
2.418750000E-2,-2.444113838E-3
2.420833333E-2,-2.602805151E-3
2.422916667E-2,-2.922137268E-3
2.425000000E-2,-3.185253590E-3
2.427083333E-2,-3.225148190E-3
2.429166667E-2,-3.046833910E-3
2.431250000E-2,-2.880085958E-3
2.433333333E-2,-2.802827861E-3
2.435416667E-2,-2.764025470E-3
2.437500000E-2,-2.756689675E-3
2.439583333E-2,-2.681520069E-3
2.441666667E-2,-2.488170285E-3
2.443750000E-2,-2.180792624E-3
2.445833333E-2,-1.838282915E-3
2.447916667E-2,-1.604543533E-3
2.450000000E-2,-1.482652733E-3
2.452083333E-2,-1.441457076E-3
2.454166667E-2,-1.428921358E-3
2.456250000E-2,-1.390853780E-3
2.458333333E-2,-1.331863343E-3
2.460416667E-2,-1.255403506E-3
2.462500000E-2,-1.218763879E-3
2.464583333E-2,-1.259462209E-3
2.466666667E-2,-1.369314967E-3
2.468750000E-2,-1.534026582E-3
2.470833333E-2,-1.661504502E-3
2.472916667E-2,-1.681571826E-3
2.475000000E-2,-1.688177697E-3
2.477083333E-2,-1.775012584E-3
2.479166667E-2,-1.871391665E-3
2.481250000E-2,-1.889432315E-3
2.483333333E-2,-1.797198318E-3
2.485416667E-2,-1.720359316E-3
2.487500000E-2,-1.857063267E-3
2.489583333E-2,-2.181365155E-3
2.491666667E-2,-2.629164606E-3
2.493750000E-2,-3.135011531E-3
2.495833333E-2,-3.581517842E-3
2.497916667E-2,-3.971830942E-3
2.500000000E-2,-4.342644475E-3
2.502083333E-2,-4.719775170E-3
2.504166667E-2,-5.134020001E-3
2.506250000E-2,-5.556792952E-3
2.508333333E-2,-5.945594050E-3
2.510416667E-2,-6.298311986E-3
2.512500000E-2,-6.630715448E-3
2.514583333E-2,-6.938848179E-3
2.516666667E-2,-7.240367588E-3
2.518750000E-2,-7.561209146E-3
2.520833333E-2,-7.846944034E-3
2.522916667E-2,-8.037867025E-3
2.525000000E-2,-8.125162683E-3
2.527083333E-2,-8.122086525E-3
2.529166667E-2,-8.069862612E-3
2.531250000E-2,-8.016249165E-3
2.533333333E-2,-8.037459105E-3
2.535416667E-2,-8.111527190E-3
2.537500000E-2,-8.078265004E-3
2.539583333E-2,-7.872195914E-3
2.541666667E-2,-7.546314038E-3
2.543750000E-2,-7.216426544E-3
2.545833333E-2,-6.942118518E-3
2.547916667E-2,-6.717939861E-3
2.550000000E-2,-6.619692780E-3
2.552083333E-2,-6.674437784E-3
2.554166667E-2,-6.820357405E-3
2.556250000E-2,-6.933778990E-3
2.558333333E-2,-6.940752268E-3
2.560416667E-2,-6.812498905E-3
2.562500000E-2,-6.454369053E-3
2.564583333E-2,-5.862966180E-3
2.566666667E-2,-5.142861512E-3
2.568750000E-2,-4.410159774E-3
2.570833333E-2,-3.630549181E-3
2.572916667E-2,-2.747296356E-3
2.575000000E-2,-1.944085117E-3
2.577083333E-2,-1.426470932E-3
2.579166667E-2,-1.203785301E-3
2.581250000E-2,-1.174323261E-3
2.583333333E-2,-1.322175143E-3
2.585416667E-2,-1.758390339E-3
2.587500000E-2,-2.431547269E-3
2.589583333E-2,-3.107733559E-3
2.591666667E-2,-3.702084767E-3
2.593750000E-2,-4.238802008E-3
2.595833333E-2,-4.612928256E-3
2.597916667E-2,-4.574534483E-3
2.600000000E-2,-4.147777800E-3
2.602083333E-2,-3.655876732E-3
2.604166667E-2,-3.275853582E-3
2.606250000E-2,-2.987394342E-3
2.608333333E-2,-2.693218412E-3
2.610416667E-2,-2.398358192E-3
2.612500000E-2,-2.074600197E-3
2.614583333E-2,-1.639631693E-3
2.616666667E-2,-1.202558749E-3
2.618750000E-2,-9.054203983E-4
2.620833333E-2,-7.558213547E-4
2.622916667E-2,-6.482739118E-4
2.625000000E-2,-5.447794101E-4
2.627083333E-2,-4.934042227E-4
2.629166667E-2,-4.116724012E-4
2.631250000E-2,-2.090134658E-4
2.633333333E-2,9.534347919E-5
2.635416667E-2,3.881555167E-4
2.637500000E-2,5.603953032E-4
2.639583333E-2,7.672062493E-4
2.641666667E-2,1.208323170E-3
2.643750000E-2,1.889674924E-3
2.645833333E-2,2.665962093E-3
2.647916667E-2,3.327940591E-3
2.650000000E-2,3.827771870E-3
2.652083333E-2,4.243562929E-3
2.654166667E-2,4.632501863E-3
2.656250000E-2,5.030584522E-3
2.658333333E-2,5.436861888E-3
2.660416667E-2,5.769307259E-3
2.662500000E-2,5.962857045E-3
2.664583333E-2,6.068135612E-3
2.666666667E-2,6.116439123E-3
2.668750000E-2,6.074744277E-3
2.670833333E-2,5.837688688E-3
2.672916667E-2,5.330292974E-3
2.675000000E-2,4.700404592E-3
2.677083333E-2,4.178283736E-3
2.679166667E-2,3.975063097E-3
2.681250000E-2,4.153141752E-3
2.683333333E-2,4.528321326E-3
2.685416667E-2,4.893773701E-3
2.687500000E-2,5.044703837E-3
2.689583333E-2,4.893331323E-3
2.691666667E-2,4.592408426E-3
2.693750000E-2,4.342684522E-3
2.695833333E-2,4.285963718E-3
2.697916667E-2,4.371002316E-3
2.700000000E-2,4.429212306E-3
2.702083333E-2,4.368923139E-3
2.704166667E-2,4.177844152E-3
2.706250000E-2,3.931858111E-3
2.708333333E-2,3.729189513E-3
2.710416667E-2,3.699691268E-3
2.712500000E-2,3.861899953E-3
2.714583333E-2,4.051157273E-3
2.716666667E-2,4.101013765E-3
2.718750000E-2,3.924998455E-3
2.720833333E-2,3.601681907E-3
2.722916667E-2,3.210166469E-3
2.725000000E-2,2.868044190E-3
2.727083333E-2,2.760901581E-3
2.729166667E-2,2.861760557E-3
2.731250000E-2,3.059322014E-3
2.733333333E-2,3.269882873E-3
2.735416667E-2,3.489881055E-3
2.737500000E-2,3.799564205E-3
2.739583333E-2,4.172232002E-3
2.741666667E-2,4.530210979E-3
2.743750000E-2,4.788872786E-3
2.745833333E-2,4.891489632E-3
2.747916667E-2,4.868249875E-3
2.750000000E-2,4.759348929E-3
2.752083333E-2,4.596072249E-3
2.754166667E-2,4.370588344E-3
2.756250000E-2,4.092538264E-3
2.758333333E-2,3.830023576E-3
2.760416667E-2,3.638979979E-3
2.762500000E-2,3.538802499E-3
2.764583333E-2,3.501564963E-3
2.766666667E-2,3.436102998E-3
2.768750000E-2,3.247444984E-3
2.770833333E-2,2.959644888E-3
2.772916667E-2,2.634006785E-3
2.775000000E-2,2.362214029E-3
2.777083333E-2,2.281609457E-3
2.779166667E-2,2.416469390E-3
2.781250000E-2,2.658080775E-3
2.783333333E-2,2.782508731E-3
2.785416667E-2,2.657592064E-3
2.787500000E-2,2.409504727E-3
2.789583333E-2,2.206387697E-3
2.791666667E-2,2.152858069E-3
2.793750000E-2,2.275407780E-3
2.795833333E-2,2.517140005E-3
2.797916667E-2,2.751104999E-3
2.800000000E-2,2.809994621E-3
2.802083333E-2,2.694258932E-3
2.804166667E-2,2.548311837E-3
2.806250000E-2,2.422757447E-3
2.808333333E-2,2.222250681E-3
2.810416667E-2,1.846912433E-3
2.812500000E-2,1.365234959E-3
2.814583333E-2,8.956671227E-4
2.816666667E-2,4.841613409E-4
2.818750000E-2,1.446082024E-4
2.820833333E-2,-1.699745189E-4
2.822916667E-2,-5.657652509E-4
2.825000000E-2,-1.136527630E-3
2.827083333E-2,-1.813429408E-3
2.829166667E-2,-2.358262893E-3
2.831250000E-2,-2.653936390E-3
2.833333333E-2,-2.830560785E-3
2.835416667E-2,-3.079616698E-3
2.837500000E-2,-3.511451418E-3
2.839583333E-2,-4.080523737E-3
2.841666667E-2,-4.653602839E-3
2.843750000E-2,-5.096919835E-3
2.845833333E-2,-5.316854920E-3
2.847916667E-2,-5.351211876E-3
2.850000000E-2,-5.233319476E-3
2.852083333E-2,-4.897306673E-3
2.854166667E-2,-4.344501533E-3
2.856250000E-2,-3.720168490E-3
2.858333333E-2,-3.196578939E-3
2.860416667E-2,-2.823828720E-3
2.862500000E-2,-2.550840378E-3
2.864583333E-2,-2.335381927E-3
2.866666667E-2,-2.157900250E-3
2.868750000E-2,-2.056611236E-3
2.870833333E-2,-2.174783498E-3
2.872916667E-2,-2.485840116E-3
2.875000000E-2,-2.739351010E-3
2.877083333E-2,-2.735446673E-3
2.879166667E-2,-2.413674025E-3
2.881250000E-2,-1.955364831E-3
2.883333333E-2,-1.488394570E-3
2.885416667E-2,-9.904373437E-4
2.887500000E-2,-5.018380471E-4
2.889583333E-2,2.509390833E-5
2.891666667E-2,5.922319833E-4
2.893750000E-2,1.196202356E-3
2.895833333E-2,1.761717955E-3
2.897916667E-2,2.083138796E-3
2.900000000E-2,2.201637952E-3
2.902083333E-2,2.233922482E-3
2.904166667E-2,2.247044584E-3
2.906250000E-2,2.249831567E-3
2.908333333E-2,2.219808055E-3
2.910416667E-2,2.212615917E-3
2.912500000E-2,2.172025153E-3
2.914583333E-2,2.069622744E-3
2.916666667E-2,2.024521353E-3
2.918750000E-2,2.103948500E-3
2.920833333E-2,2.291092183E-3
2.922916667E-2,2.489693463E-3
2.925000000E-2,2.599633997E-3
2.927083333E-2,2.603513654E-3
2.929166667E-2,2.495813183E-3
2.931250000E-2,2.280159853E-3
2.933333333E-2,2.067969413E-3
2.935416667E-2,2.048719674E-3
2.937500000E-2,2.203777432E-3
2.939583333E-2,2.336500213E-3
2.941666667E-2,2.307232004E-3
2.943750000E-2,2.083731815E-3
2.945833333E-2,1.763223903E-3
2.947916667E-2,1.458786777E-3
2.950000000E-2,1.367267920E-3
2.952083333E-2,1.574345864E-3
2.954166667E-2,1.881092554E-3
2.956250000E-2,2.036333550E-3
2.958333333E-2,1.820109552E-3
2.960416667E-2,1.321982360E-3
2.962500000E-2,7.818981539E-4
2.964583333E-2,2.714974689E-4
2.966666667E-2,-1.173048367E-4
2.968750000E-2,-3.453161626E-4
2.970833333E-2,-5.543752341E-4
2.972916667E-2,-9.339296957E-4
2.975000000E-2,-1.453043544E-3
2.977083333E-2,-1.817694632E-3
2.979166667E-2,-1.793060801E-3
2.981250000E-2,-1.450178679E-3
2.983333333E-2,-1.103514456E-3
2.985416667E-2,-1.044245553E-3
2.987500000E-2,-1.378782676E-3
2.989583333E-2,-2.078559948E-3
2.991666667E-2,-2.965577645E-3
2.993750000E-2,-3.749448340E-3
2.995833333E-2,-4.323650151E-3
2.997916667E-2,-4.849279299E-3
3.000000000E-2,-5.526460707E-3
3.002083333E-2,-6.389915012E-3
3.004166667E-2,-7.276533172E-3
3.006250000E-2,-8.064028807E-3
3.008333333E-2,-8.709829301E-3
3.010416667E-2,-9.121116251E-3
3.012500000E-2,-9.234021418E-3
3.014583333E-2,-9.094025940E-3
3.016666667E-2,-8.938265964E-3
3.018750000E-2,-9.001285769E-3
3.020833333E-2,-9.239418432E-3
3.022916667E-2,-9.503029287E-3
3.025000000E-2,-9.787970223E-3
3.027083333E-2,-1.015152875E-2
3.029166667E-2,-1.053375378E-2
3.031250000E-2,-1.073052362E-2
3.033333333E-2,-1.071849465E-2
3.035416667E-2,-1.072206814E-2
3.037500000E-2,-1.080682687E-2
3.039583333E-2,-1.085714716E-2
3.041666667E-2,-1.078737620E-2
3.043750000E-2,-1.063969173E-2
3.045833333E-2,-1.041186228E-2
3.047916667E-2,-9.964776225E-3
3.050000000E-2,-9.266145527E-3
3.052083333E-2,-8.429497480E-3
3.054166667E-2,-7.598035503E-3
3.056250000E-2,-6.881834008E-3
3.058333333E-2,-6.360711064E-3
3.060416667E-2,-6.063665263E-3
3.062500000E-2,-5.854288582E-3
3.064583333E-2,-5.481825210E-3
3.066666667E-2,-4.857427441E-3
3.068750000E-2,-4.173239693E-3
3.070833333E-2,-3.657733323E-3
3.072916667E-2,-3.339733463E-3
3.075000000E-2,-3.141135210E-3
3.077083333E-2,-3.006211948E-3
3.079166667E-2,-2.848035423E-3
3.081250000E-2,-2.548248507E-3
3.083333333E-2,-2.061772859E-3
3.085416667E-2,-1.478046412E-3
3.087500000E-2,-8.366870461E-4
3.089583333E-2,-1.296625851E-4
3.091666667E-2,6.079468876E-4
3.093750000E-2,1.370806247E-3
3.095833333E-2,2.131166169E-3
3.097916667E-2,2.922639251E-3
3.100000000E-2,3.695214400E-3
3.102083333E-2,4.370253999E-3
3.104166667E-2,4.981497303E-3
3.106250000E-2,5.518120714E-3
3.108333333E-2,6.087000947E-3
3.110416667E-2,6.742314436E-3
3.112500000E-2,7.443889976E-3
3.114583333E-2,8.152533323E-3
3.116666667E-2,8.695812896E-3
3.118750000E-2,9.006581269E-3
3.120833333E-2,9.084034711E-3
3.122916667E-2,8.982613683E-3
3.125000000E-2,8.853635751E-3
3.127083333E-2,8.825229481E-3
3.129166667E-2,9.040931240E-3
3.131250000E-2,9.455119260E-3
3.133333333E-2,9.857404977E-3
3.135416667E-2,1.006812695E-2
3.137500000E-2,9.975005873E-3
3.139583333E-2,9.640792385E-3
3.141666667E-2,9.200934321E-3
3.143750000E-2,8.829538710E-3
3.145833333E-2,8.691195399E-3
3.147916667E-2,8.760564029E-3
3.150000000E-2,8.959348314E-3
3.152083333E-2,9.163331240E-3
3.154166667E-2,9.245832451E-3
3.156250000E-2,9.209088050E-3
3.158333333E-2,9.097021073E-3
3.160416667E-2,8.956461214E-3
3.162500000E-2,8.751208894E-3
3.164583333E-2,8.422877640E-3
3.166666667E-2,7.965763099E-3
3.168750000E-2,7.407268044E-3
3.170833333E-2,6.871177815E-3
3.172916667E-2,6.448902190E-3
3.175000000E-2,6.169408560E-3
3.177083333E-2,6.013595499E-3
3.179166667E-2,5.887825508E-3
3.181250000E-2,5.718058906E-3
3.183333333E-2,5.377937108E-3
3.185416667E-2,4.800886847E-3
3.187500000E-2,4.161325283E-3
3.189583333E-2,3.684535157E-3
3.191666667E-2,3.439727472E-3
3.193750000E-2,3.340407973E-3
3.195833333E-2,3.259704448E-3
3.197916667E-2,3.157222178E-3
3.200000000E-2,3.022559453E-3
3.202083333E-2,2.911170945E-3
3.204166667E-2,2.940463834E-3
3.206250000E-2,3.037994262E-3
3.208333333E-2,3.064830787E-3
3.210416667E-2,2.983825980E-3
3.212500000E-2,2.823188668E-3
3.214583333E-2,2.675260417E-3
3.216666667E-2,2.629686147E-3
3.218750000E-2,2.691799309E-3
3.220833333E-2,2.697490156E-3
3.222916667E-2,2.421822865E-3
3.225000000E-2,1.875930699E-3
3.227083333E-2,1.291595865E-3
3.229166667E-2,8.453590563E-4
3.231250000E-2,5.788898561E-4
3.233333333E-2,4.707886837E-4
3.235416667E-2,4.446036473E-4
3.237500000E-2,3.321392578E-4
3.239583333E-2,-4.170484317E-5
3.241666667E-2,-5.777681945E-4
3.243750000E-2,-9.424760938E-4
3.245833333E-2,-9.046525229E-4
3.247916667E-2,-5.165067269E-4
3.250000000E-2,-3.742933768E-5
3.252083333E-2,3.225770779E-4
3.254166667E-2,4.158598022E-4
3.256250000E-2,2.384366817E-4
3.258333333E-2,1.600267387E-5
3.260416667E-2,-5.727806638E-5
3.262500000E-2,-1.278399668E-5
3.264583333E-2,-5.471147961E-5
3.266666667E-2,-3.580558405E-4
3.268750000E-2,-9.240618674E-4
3.270833333E-2,-1.640650211E-3
3.272916667E-2,-2.389409347E-3
3.275000000E-2,-3.046758007E-3
3.277083333E-2,-3.466443392E-3
3.279166667E-2,-3.650218481E-3
3.281250000E-2,-3.737643827E-3
3.283333333E-2,-3.774920944E-3
3.285416667E-2,-3.783796215E-3
3.287500000E-2,-3.720397362E-3
3.289583333E-2,-3.539645579E-3
3.291666667E-2,-3.294147551E-3
3.293750000E-2,-2.943347208E-3
3.295833333E-2,-2.534729196E-3
3.297916667E-2,-2.210187726E-3
3.300000000E-2,-2.060666680E-3
3.302083333E-2,-2.190986648E-3
3.304166667E-2,-2.545921132E-3
3.306250000E-2,-3.044077195E-3
3.308333333E-2,-3.699227702E-3
3.310416667E-2,-4.449525848E-3
3.312500000E-2,-5.172642414E-3
3.314583333E-2,-5.715841427E-3
3.316666667E-2,-5.961007904E-3
3.318750000E-2,-5.868284032E-3
3.320833333E-2,-5.495925434E-3
3.322916667E-2,-5.036939401E-3
3.325000000E-2,-4.682692699E-3
3.327083333E-2,-4.442489240E-3
3.329166667E-2,-4.081587307E-3
3.331250000E-2,-3.389928024E-3
3.333333333E-2,-2.441661432E-3
3.335416667E-2,-1.502149389E-3
3.337500000E-2,-8.554783417E-4
3.339583333E-2,-5.511230556E-4
3.341666667E-2,-4.238443798E-4
3.343750000E-2,-2.891424811E-4
3.345833333E-2,-9.023098391E-5
3.347916667E-2,-1.394002811E-5
3.350000000E-2,-2.301682252E-4
3.352083333E-2,-6.731817848E-4
3.354166667E-2,-1.097685657E-3
3.356250000E-2,-1.260419143E-3
3.358333333E-2,-1.126030460E-3
3.360416667E-2,-8.033327176E-4
3.362500000E-2,-4.023723304E-4
3.364583333E-2,-2.741301796E-5
3.366666667E-2,3.080430324E-4
3.368750000E-2,6.733541377E-4
3.370833333E-2,1.091149752E-3
3.372916667E-2,1.493003918E-3
3.375000000E-2,1.737253042E-3
3.377083333E-2,1.745258225E-3
3.379166667E-2,1.523677725E-3
3.381250000E-2,1.100535272E-3
3.383333333E-2,5.847249413E-4
3.385416667E-2,4.524560791E-5
3.387500000E-2,-5.478792591E-4
3.389583333E-2,-1.209370792E-3
3.391666667E-2,-1.928087790E-3
3.393750000E-2,-2.607532311E-3
3.395833333E-2,-3.135938197E-3
3.397916667E-2,-3.438457614E-3
3.400000000E-2,-3.602061188E-3
3.402083333E-2,-3.855789546E-3
3.404166667E-2,-4.263939336E-3
3.406250000E-2,-4.766410217E-3
3.408333333E-2,-5.287340842E-3
3.410416667E-2,-5.786055699E-3
3.412500000E-2,-6.220195442E-3
3.414583333E-2,-6.517129019E-3
3.416666667E-2,-6.796360947E-3
3.418750000E-2,-7.232178003E-3
3.420833333E-2,-7.779537234E-3
3.422916667E-2,-8.264102973E-3
3.425000000E-2,-8.534392342E-3
3.427083333E-2,-8.577423170E-3
3.429166667E-2,-8.423824795E-3
3.431250000E-2,-8.112009615E-3
3.433333333E-2,-7.786598057E-3
3.435416667E-2,-7.587918546E-3
3.437500000E-2,-7.542141713E-3
3.439583333E-2,-7.505433634E-3
3.441666667E-2,-7.321830839E-3
3.443750000E-2,-7.063252851E-3
3.445833333E-2,-6.845951080E-3
3.447916667E-2,-6.604957394E-3
3.450000000E-2,-6.229472347E-3
3.452083333E-2,-5.712687038E-3
3.454166667E-2,-5.026664585E-3
3.456250000E-2,-4.097340629E-3
3.458333333E-2,-2.979961922E-3
3.460416667E-2,-1.861095894E-3
3.462500000E-2,-9.604006773E-4
3.464583333E-2,-2.815359330E-4
3.466666667E-2,3.917195136E-4
3.468750000E-2,1.206143876E-3
3.470833333E-2,2.162609482E-3
3.472916667E-2,3.093022853E-3
3.475000000E-2,3.786023008E-3
3.477083333E-2,4.133918323E-3
3.479166667E-2,4.217583686E-3
3.481250000E-2,4.282948561E-3
3.483333333E-2,4.517862573E-3
3.485416667E-2,5.043630954E-3
3.487500000E-2,5.790316034E-3
3.489583333E-2,6.438734476E-3
3.491666667E-2,6.857657805E-3
3.493750000E-2,7.174045779E-3
3.495833333E-2,7.449390367E-3
3.497916667E-2,7.705556694E-3
3.500000000E-2,8.031422272E-3
3.502083333E-2,8.545622230E-3
3.504166667E-2,9.257421829E-3
3.506250000E-2,9.897071868E-3
3.508333333E-2,1.023526769E-2
3.510416667E-2,1.036776695E-2
3.512500000E-2,1.042118482E-2
3.514583333E-2,1.046280190E-2
3.516666667E-2,1.060449611E-2
3.518750000E-2,1.085911505E-2
3.520833333E-2,1.108149439E-2
3.522916667E-2,1.107268222E-2
3.525000000E-2,1.075487211E-2
3.527083333E-2,1.034075767E-2
3.529166667E-2,1.003830414E-2
3.531250000E-2,9.782783687E-3
3.533333333E-2,9.502893314E-3
3.535416667E-2,9.204972535E-3
3.537500000E-2,8.960762993E-3
3.539583333E-2,8.771757595E-3
3.541666667E-2,8.506234735E-3
3.543750000E-2,8.182683960E-3
3.545833333E-2,7.787760347E-3
3.547916667E-2,7.277820725E-3
3.550000000E-2,6.658780389E-3
3.552083333E-2,5.877650343E-3
3.554166667E-2,5.019950680E-3
3.556250000E-2,4.121183418E-3
3.558333333E-2,3.063230775E-3
3.560416667E-2,1.783454558E-3
3.562500000E-2,3.510168754E-4
3.564583333E-2,-1.047861413E-3
3.566666667E-2,-2.228138270E-3
3.568750000E-2,-3.101433627E-3
3.570833333E-2,-3.687098622E-3
3.572916667E-2,-4.043138586E-3
3.575000000E-2,-4.303332884E-3
3.577083333E-2,-4.611153621E-3
3.579166667E-2,-4.984669853E-3
3.581250000E-2,-5.309697241E-3
3.583333333E-2,-5.475271493E-3
3.585416667E-2,-5.458333530E-3
3.587500000E-2,-5.280764773E-3
3.589583333E-2,-5.024206825E-3
3.591666667E-2,-4.751677159E-3
3.593750000E-2,-4.527654033E-3
3.595833333E-2,-4.350174218E-3
3.597916667E-2,-4.056250211E-3
3.600000000E-2,-3.533410607E-3
3.602083333E-2,-2.782168332E-3
3.604166667E-2,-1.908212900E-3
3.606250000E-2,-1.063395524E-3
3.608333333E-2,-4.120220547E-4
3.610416667E-2,-1.084647229E-4
3.612500000E-2,-1.324342884E-4
3.614583333E-2,-3.141874913E-4
3.616666667E-2,-4.996396601E-4
3.618750000E-2,-6.554458523E-4
3.620833333E-2,-7.076321635E-4
3.622916667E-2,-5.681454204E-4
3.625000000E-2,-3.003278980E-4
3.627083333E-2,7.267966430E-5
3.629166667E-2,5.654022098E-4
3.631250000E-2,1.110468293E-3
3.633333333E-2,1.580947544E-3
3.635416667E-2,1.820669160E-3
3.637500000E-2,1.839531586E-3
3.639583333E-2,1.751161530E-3
3.641666667E-2,1.544221304E-3
3.643750000E-2,1.242525643E-3
3.645833333E-2,8.379059727E-4
3.647916667E-2,2.089640184E-4
3.650000000E-2,-6.879884168E-4
3.652083333E-2,-1.732466742E-3
3.654166667E-2,-2.620370127E-3
3.656250000E-2,-3.164471127E-3
3.658333333E-2,-3.451848403E-3
3.660416667E-2,-3.610432148E-3
3.662500000E-2,-3.714964725E-3
3.664583333E-2,-3.760043997E-3
3.666666667E-2,-3.690684447E-3
3.668750000E-2,-3.486850299E-3
3.670833333E-2,-3.152298741E-3
3.672916667E-2,-2.769201528E-3
3.675000000E-2,-2.465508413E-3
3.677083333E-2,-2.314018086E-3
3.679166667E-2,-2.351877280E-3
3.681250000E-2,-2.474053763E-3
3.683333333E-2,-2.509773942E-3
3.685416667E-2,-2.372282557E-3
3.687500000E-2,-2.034659265E-3
3.689583333E-2,-1.539102523E-3
3.691666667E-2,-9.168364923E-4
3.693750000E-2,-2.398048819E-4
3.695833333E-2,4.410562979E-4
3.697916667E-2,1.155850943E-3
3.700000000E-2,1.873735338E-3
3.702083333E-2,2.523447387E-3
3.704166667E-2,3.026718739E-3
3.706250000E-2,3.490153700E-3
3.708333333E-2,4.035471473E-3
3.710416667E-2,4.514612723E-3
3.712500000E-2,4.765701946E-3
3.714583333E-2,4.774965812E-3
3.716666667E-2,4.669162445E-3
3.718750000E-2,4.566664807E-3
3.720833333E-2,4.464166239E-3
3.722916667E-2,4.396662116E-3
3.725000000E-2,4.451557528E-3
3.727083333E-2,4.474414513E-3
3.729166667E-2,4.231484141E-3
3.731250000E-2,3.792118048E-3
3.733333333E-2,3.356189467E-3
3.735416667E-2,3.003959544E-3
3.737500000E-2,2.671370748E-3
3.739583333E-2,2.290535253E-3
3.741666667E-2,1.891936408E-3
3.743750000E-2,1.453057863E-3
3.745833333E-2,9.846669855E-4
3.747916667E-2,6.686937413E-4
3.750000000E-2,6.165699451E-4
3.752083333E-2,7.880395278E-4
3.754166667E-2,9.530864772E-4
3.756250000E-2,8.733968716E-4
3.758333333E-2,5.470190663E-4
3.760416667E-2,1.856905874E-5
3.762500000E-2,-6.100024329E-4
3.764583333E-2,-1.112017548E-3
3.766666667E-2,-1.348919701E-3
3.768750000E-2,-1.375360647E-3
3.770833333E-2,-1.325588673E-3
3.772916667E-2,-1.287697814E-3
3.775000000E-2,-1.273236237E-3
3.777083333E-2,-1.211736584E-3
3.779166667E-2,-1.081120456E-3
3.781250000E-2,-8.836211637E-4
3.783333333E-2,-6.627721014E-4
3.785416667E-2,-5.825101398E-4
3.787500000E-2,-6.139749894E-4
3.789583333E-2,-7.057922776E-4
3.791666667E-2,-9.966872167E-4
3.793750000E-2,-1.583972713E-3
3.795833333E-2,-2.412038855E-3
3.797916667E-2,-3.234806005E-3
3.800000000E-2,-3.855887335E-3
3.802083333E-2,-4.225013778E-3
3.804166667E-2,-4.400976934E-3
3.806250000E-2,-4.548653960E-3
3.808333333E-2,-4.605347291E-3
3.810416667E-2,-4.473301582E-3
3.812500000E-2,-4.257092718E-3
3.814583333E-2,-4.059602506E-3
3.816666667E-2,-4.027349874E-3
3.818750000E-2,-4.134997725E-3
3.820833333E-2,-4.332293756E-3
3.822916667E-2,-4.783252254E-3
3.825000000E-2,-5.561583210E-3
3.827083333E-2,-6.640124135E-3
3.829166667E-2,-7.839186117E-3
3.831250000E-2,-8.864786476E-3
3.833333333E-2,-9.557681158E-3
3.835416667E-2,-9.919920005E-3
3.837500000E-2,-9.943598881E-3
3.839583333E-2,-9.620660916E-3
3.841666667E-2,-9.147130884E-3
3.843750000E-2,-8.659392595E-3
3.845833333E-2,-8.094348945E-3
3.847916667E-2,-7.384090684E-3
3.850000000E-2,-6.556139328E-3
3.852083333E-2,-5.823472980E-3
3.854166667E-2,-5.390997510E-3
3.856250000E-2,-5.310052074E-3
3.858333333E-2,-5.476792343E-3
3.860416667E-2,-5.689468235E-3
3.862500000E-2,-5.810773000E-3
3.864583333E-2,-5.716593005E-3
3.866666667E-2,-5.357367918E-3
3.868750000E-2,-4.835553002E-3
3.870833333E-2,-4.219180904E-3
3.872916667E-2,-3.592487425E-3
3.875000000E-2,-3.030833555E-3
3.877083333E-2,-2.477146918E-3
3.879166667E-2,-1.880926429E-3
3.881250000E-2,-1.223287778E-3
3.883333333E-2,-6.202224176E-4
3.885416667E-2,-2.471551416E-4
3.887500000E-2,-1.661554270E-4
3.889583333E-2,-3.406497708E-4
3.891666667E-2,-5.617227871E-4
3.893750000E-2,-5.299200420E-4
3.895833333E-2,-2.986707841E-5
3.897916667E-2,9.003232117E-4
3.900000000E-2,1.963351155E-3
3.902083333E-2,2.828841563E-3
3.904166667E-2,3.331467044E-3
3.906250000E-2,3.481955500E-3
3.908333333E-2,3.373397049E-3
3.910416667E-2,3.124709008E-3
3.912500000E-2,2.762432210E-3
3.914583333E-2,2.251417376E-3
3.916666667E-2,1.558235148E-3
3.918750000E-2,7.878947072E-4
3.920833333E-2,1.866022503E-4
3.922916667E-2,-2.018080850E-4
3.925000000E-2,-3.932281979E-4
3.927083333E-2,-3.565559455E-4
3.929166667E-2,-1.952456951E-4
3.931250000E-2,-3.945606295E-7
3.933333333E-2,1.901389915E-4
3.935416667E-2,4.453704751E-4
3.937500000E-2,8.568929043E-4
3.939583333E-2,1.321775140E-3
3.941666667E-2,1.705510193E-3
3.943750000E-2,1.947117737E-3
3.945833333E-2,2.022097353E-3
3.947916667E-2,1.991242636E-3
3.950000000E-2,1.939263195E-3
3.952083333E-2,1.931428909E-3
3.954166667E-2,2.063086722E-3
3.956250000E-2,2.306697657E-3
3.958333333E-2,2.572302008E-3
3.960416667E-2,2.852469683E-3
3.962500000E-2,3.175410908E-3
3.964583333E-2,3.616948379E-3
3.966666667E-2,4.145449959E-3
3.968750000E-2,4.670557566E-3
3.970833333E-2,5.159321707E-3
3.972916667E-2,5.610291846E-3
3.975000000E-2,6.065016612E-3
3.977083333E-2,6.536081433E-3
3.979166667E-2,7.115660235E-3
3.981250000E-2,7.871011272E-3
3.983333333E-2,8.663633838E-3
3.985416667E-2,9.300498292E-3
3.987500000E-2,9.642300196E-3
3.989583333E-2,9.714845568E-3
3.991666667E-2,9.679613635E-3
3.993750000E-2,9.657963179E-3
3.995833333E-2,9.701859206E-3
3.997916667E-2,9.800296277E-3
4.000000000E-2,9.790723212E-3
4.002083333E-2,9.491728619E-3
4.004166667E-2,8.911680430E-3
4.006250000E-2,8.225904778E-3
4.008333333E-2,7.682475261E-3
4.010416667E-2,7.383463439E-3
4.012500000E-2,7.265567780E-3
4.014583333E-2,7.210348267E-3
4.016666667E-2,7.140267640E-3
4.018750000E-2,7.134006359E-3
4.020833333E-2,7.264018990E-3
4.022916667E-2,7.498835679E-3
4.025000000E-2,7.767432835E-3
4.027083333E-2,7.887117565E-3
4.029166667E-2,7.670338731E-3
4.031250000E-2,7.064324804E-3
4.033333333E-2,6.162184291E-3
4.035416667E-2,5.217785016E-3
4.037500000E-2,4.406835884E-3
4.039583333E-2,3.747103736E-3
4.041666667E-2,3.247605404E-3
4.043750000E-2,2.890472766E-3
4.045833333E-2,2.719046548E-3
4.047916667E-2,2.749035135E-3
4.050000000E-2,2.930582967E-3
4.052083333E-2,3.287611529E-3
4.054166667E-2,3.782207379E-3
4.056250000E-2,4.387810361E-3
4.058333333E-2,5.080768839E-3
4.060416667E-2,5.804474000E-3
4.062500000E-2,6.596007384E-3
4.064583333E-2,7.333185524E-3
4.066666667E-2,7.837401703E-3
4.068750000E-2,8.115750737E-3
4.070833333E-2,8.176515810E-3
4.072916667E-2,8.072549477E-3
4.075000000E-2,7.844366133E-3
4.077083333E-2,7.520822808E-3
4.079166667E-2,7.248839363E-3
4.081250000E-2,7.108300459E-3
4.083333333E-2,7.131830789E-3
4.085416667E-2,7.312788628E-3
4.087500000E-2,7.527566515E-3
4.089583333E-2,7.703133859E-3
4.091666667E-2,7.818907499E-3
4.093750000E-2,7.860974409E-3
4.095833333E-2,7.909801789E-3
4.097916667E-2,7.995599881E-3
4.100000000E-2,7.934259251E-3
4.102083333E-2,7.567362860E-3
4.104166667E-2,6.957774982E-3
4.106250000E-2,6.234452594E-3
4.108333333E-2,5.490907934E-3
4.110416667E-2,4.723817576E-3
4.112500000E-2,3.965049516E-3
4.114583333E-2,3.254114185E-3
4.116666667E-2,2.396895085E-3
4.118750000E-2,1.319663599E-3
4.120833333E-2,2.070685005E-4
4.122916667E-2,-8.705123328E-4
4.125000000E-2,-2.024517860E-3
4.127083333E-2,-3.338692011E-3
4.129166667E-2,-4.729650449E-3
4.131250000E-2,-6.057816558E-3
4.133333333E-2,-7.243603002E-3
4.135416667E-2,-8.251907304E-3
4.137500000E-2,-9.051444009E-3
4.139583333E-2,-9.636515751E-3
4.141666667E-2,-1.005468145E-2
4.143750000E-2,-1.033638790E-2
4.145833333E-2,-1.046987250E-2
4.147916667E-2,-1.051687356E-2
4.150000000E-2,-1.063785516E-2
4.152083333E-2,-1.091909595E-2
4.154166667E-2,-1.128878631E-2
4.156250000E-2,-1.159432065E-2
4.158333333E-2,-1.177897025E-2
4.160416667E-2,-1.195283420E-2
4.162500000E-2,-1.224880759E-2
4.164583333E-2,-1.268946938E-2
4.166666667E-2,-1.317921095E-2
4.168750000E-2,-1.359982509E-2
4.170833333E-2,-1.389021147E-2
4.172916667E-2,-1.405357290E-2
4.175000000E-2,-1.414733939E-2
4.177083333E-2,-1.427719463E-2
4.179166667E-2,-1.445727423E-2
4.181250000E-2,-1.458709687E-2
4.183333333E-2,-1.461647265E-2
4.185416667E-2,-1.459720545E-2
4.187500000E-2,-1.459433697E-2
4.189583333E-2,-1.459855586E-2
4.191666667E-2,-1.460244134E-2
4.193750000E-2,-1.459233370E-2
4.195833333E-2,-1.450953353E-2
4.197916667E-2,-1.434519142E-2
4.200000000E-2,-1.421358716E-2
4.202083333E-2,-1.419934817E-2
4.204166667E-2,-1.429397054E-2
4.206250000E-2,-1.444529928E-2
4.208333333E-2,-1.448837295E-2
4.210416667E-2,-1.436091959E-2
4.212500000E-2,-1.416237094E-2
4.214583333E-2,-1.399448700E-2
4.216666667E-2,-1.390790753E-2
4.218750000E-2,-1.375448238E-2
4.220833333E-2,-1.340204850E-2
4.222916667E-2,-1.294492371E-2
4.225000000E-2,-1.238865778E-2
4.227083333E-2,-1.166016795E-2
4.229166667E-2,-1.088340953E-2
4.231250000E-2,-1.013077609E-2
4.233333333E-2,-9.316995740E-3
4.235416667E-2,-8.394699544E-3
4.237500000E-2,-7.406565826E-3
4.239583333E-2,-6.440220401E-3
4.241666667E-2,-5.431787111E-3
4.243750000E-2,-4.321193323E-3
4.245833333E-2,-3.190597519E-3
4.247916667E-2,-2.109176246E-3
4.250000000E-2,-1.111139543E-3
4.252083333E-2,-9.890458023E-5
4.254166667E-2,9.657853516E-4
4.256250000E-2,2.025791444E-3
4.258333333E-2,3.105109558E-3
4.260416667E-2,4.113697447E-3
4.262500000E-2,4.937155638E-3
4.264583333E-2,5.519689992E-3
4.266666667E-2,""